,date,contents,city,city_in_disaster
0,2020-08-04T21:46:01.000Z,"ENOUGH
you do not go on the media to tell people they have darker days coming at their most vulnerable moments
You do not go on the media to make jokes about a traumatic experience that injured hundreds and thousands of people and made them lose their families/homes/friends",beirut,1
1,2020-08-04T20:37:03.000Z,"My father was 15 years old in 1975. He lived in Ein El Rememneh, Beirut (the capital of the Lebanese Civil War). Its 1990 and the war ended. The war ended? He picked himself up and started his career from scratch. (1/3)",beirut,1
2,2020-08-04T21:45:37.000Z,"Just got back home, passed by 5 blood banks with a couple of friends, all full with people donating blood, from Tripoli to Antelias.
Lebanese are good people,  they don't deserve this.",beirut,1
3,2020-08-04T17:42:13.000Z,"If anyone needs a place to stay 
My house in ain el remmeneh is open 
El dawle ma 3am tse3edna w ma elna 8er ba3ed at this point",beirut,1
4,2020-08-03T09:23:56.000Z,Will you still love me When I've got nothing but my aching soul?,beirut,1
5,2020-08-04T20:55:42.000Z,The blood is on the government’s hands,beirut,1
6,2020-08-04T19:00:39.000Z,"Don't just to pray for Lebanon.
Lebanese: Go donate blood if you fit the criteria.
Everyone else, please donate.",beirut,1
7,2020-08-04T17:55:40.000Z,"I feel really powerless 
I want to help in any way possible
I can't donate blood bcz i recently made a tattoo bass if anyone needs a ride in Beirut to any hospital please beje be5edkoun w bredkoun 3al bet just contact me",beirut,1
8,2020-08-04T20:19:43.000Z,i didn’t think i would live to see Lebanon turn into a worldwide trend for the most heartbreaking reason ,beirut,1
9,2020-08-04T16:53:18.000Z,"Checking in. Wounded but stable. To all the eds asking if I can work, answer is no",beirut,1
19,2020-08-04T19:48:52.000Z,"Lebanon needs emergency international relief 
@UNAction
 @antonioguterres",beirut,1
20,2020-08-04T18:39:04.000Z,The international community needs to step in and help Lebanon. This is now a case of simple humanity and empathy. #Lebanonexplosion,beirut,1
21,2020-08-04T16:30:58.000Z,Does anyone need a home tonight? Contact me,beirut,1
22,2020-08-04T21:25:27.000Z,Exhausted.,beirut,1
23,2020-08-04T17:58:45.000Z,Beirut’s hospitals are at full capacity.,beirut,1
24,2020-08-04T20:09:48.000Z,"Seeing the devestation tonight is overwhelming. Praying for families across #Lebanon caring for their loved ones. Thoughts are with the first responders , Red Cross, and medical workers doing all they can to save lives this evening. #BeirutExplosion",beirut,1
25,2020-08-04T22:31:01.000Z,"Horrific day! All our thoughts go to 
@RedCrossLebanon
 paramedics & volunteers who have been evacuating the injured by #LebanonExplosion. Proud of each & everyone of you. We stand with you & with the Lebanese people during this difficult time. 
@IFRC_MENA
 allocated funds in support",beirut,1
26,2020-08-04T20:49:23.000Z,Beirut declared a city in a state of emergency. Tomorrow declared a national day of mourning.   Okay. And then? Accountability? And how to compensate for the billions lost when the country is bankrupt already?,beirut,1
27,2020-08-04T20:00:39.000Z,Dear AUB community AUBMC is in need of blood from all types If you are close and can donate please proceed to the lab in the medical center,beirut,1
28,2020-08-04T18:26:56.000Z,"Thanks to all my friends who called me from many countries and from my work clients and suppliers even from Far East countries
 when they ask me why I love all my friends 
 I wish safety to all friends and families and praying for dead’s souls #بيروت #لبنان",beirut,1
29,2020-08-04T18:58:09.000Z,"Hey world
Lebanon is not okay
But we, the people, are fine... we have the best medical and rescue teams in the world.
Pray for #beirut ",beirut,1
30,2020-08-03T17:24:47.000Z,Tweeps here bully tiktokers then get mad when NekatLebanese does the bullying. Make it make sense.,beirut,1
31,2020-08-04T18:14:12.000Z,"My heart is broken!
#بيروت",beirut,1
32,2020-08-04T21:25:08.000Z,"These people currently stable in AUBMC: Olga Feghali, Amar Itani, Joe Chikhani, Liliane Shayto, Zeina Chamoun, Mouhiba Bou Fakhreddine, John (or Joan) Tamer - hope their families see this and are comforted on this terrible night.",beirut,1
33,2020-08-03T19:23:07.000Z,People will quit on you. You gotta get up everyday and make sure you never quit on yourself,beirut,1
34,2020-08-04T17:53:32.000Z,"i love you, Beirut",beirut,1
35,2020-08-04T16:53:40.000Z,Our hearts are broken. How much more can we take? How much more can we handle? GO TO IRAN AND FIGHT YOUR WAR FROM THERE. THIS IS NOT YOUR LAND. THIS IS OUR #LEBANON.,beirut,1
36,2020-08-04T16:50:54.000Z,Don’t try to lie to us and say it’s a “fireworks” warehouse. Leave us the fuck alone. What more do you want? What more can this country give for a cause that’s not ours and we want nothing to do with! #Lebanon #Beirut,beirut,1
37,2020-08-04T16:22:55.000Z,Beirut ,beirut,1
38,2020-08-04T19:05:38.000Z,Its ok to cry my friends,beirut,1
39,2020-08-03T07:44:52.000Z,A part of me doesn’t wanna quit my family again,beirut,1
40,2020-08-04T19:45:18.000Z,I am so thankful for the kind messages I received this evening. Thank you all for caring ,beirut,1
41,2020-08-04T15:58:58.000Z,"BREAKING: A ship carrying fireworks caused today's massive Beirut, Lebanon explosion, an official says. There are reportedly 'hundreds' of injuries. #بيروت",beirut,1
42,2020-08-04T18:04:51.000Z,"My country needs a break from bleeding
 #prayforbeirut",beirut,1
43,2020-08-04T17:18:21.000Z,"I am safe but extremely traumatized, thank you to those who were worried and checked in",beirut,1
44,2020-08-04T08:57:30.000Z,tell your friends you love them,beirut,1
45,2020-08-04T22:59:08.000Z,"I feel my heart is about to explode
 i can’t sleep",beirut,1
46,2020-08-04T22:10:23.000Z,"lebanon is surrounded by countries that have attacked & threatened them, tonight they are sleeping in broken homes durring a deadly pandemic, Leb did not deserve that",beirut,1
47,2020-08-04T21:17:04.000Z,Tonight we will all sleep in tears.,beirut,1
48,2020-08-04T17:08:31.000Z,"Supporting 
@RedCrossLebanon
 now to respond to the tragic massive explosion in Beirut. Red Cross ambulances on the scene and situation is fluid. 
@IFRC_MENA",beirut,1
49,2020-08-04T22:14:44.000Z,"Grief, heavy heart, held back tears & a deep deep sadness & love for #Beirut that’s breaking all our hearts. Tomorrow if I can do anything to support, I will. Today, I just feel defeated.",beirut,1
50,2020-08-04T18:34:17.000Z,"Every time we think we have seen it all, another bigger tragedy hits Lebanon. If this is a result of an act of negligence, I hope every “criminal” involved in any way, be it direct or indirect, be prosecuted to the full extent of the law.
#criminals #accountability #lebanon",beirut,1
51,2020-08-04T18:22:14.000Z,"Guys offre joie فرح العطاء
Aam tekhod aalam aa Kfifen
Li 3ayez beit aw mahal yeb2a please this is their number
Phone Number: 71832439

RETWEET!",beirut,1
52,2020-08-04T22:14:07.000Z,"It’s was my prom night today, but I couldn’t enjoy it at all I was so worried about everything, and when dad came to pick me up I just start crying, I couldn’t stop thinking about what happened today, that’s so sad and now I can’t sleep, stay strong everyone",beirut,1
53,2020-08-04T20:51:44.000Z,I don’t think we will ever recover from this,beirut,1
54,2020-08-03T18:31:33.000Z,you lost me at “dr” in your instagram handle,beirut,1
55,2020-08-04T17:06:20.000Z,"Nitrate is highly flammable; if exposed to any source of flame will explode aggressively producing toxic fumes. Please stay away from the area. The explosion shook us deeply in our hearts. Prayers to our nation. 
#Lebanon
#Beirut 
#لبنان
#بيروت",beirut,1
56,2020-08-04T17:23:45.000Z,"Sending everyone love. I hope you're all safe, and you can DM if you need any help ",beirut,1
57,2020-08-03T15:53:46.000Z,I’m here for me and you’re here for you,beirut,1
65,2020-08-04T21:34:26.000Z,Can we just live in peace?,beirut,1
66,2020-08-04T23:34:30.000Z,"I don’t want to see posts “God help #Lebanon” or “candle lit for #Beirut” NO! As much as I am praying for my country, my fury wants to see them hanged!! Be responsible, donate blood and it is time to take back what’s ours!! Enough",beirut,1
67,2020-08-04T22:12:31.000Z,"URGENT
A 16 year old is about to lose his life.
He desperately needs blood. 

He’s in CMC.

AB- can donate.

Please contact me ASAP if you can
& please rt!!!!

70 313 105",beirut,1
68,2020-08-04T23:26:14.000Z,I really can’t sleep knowing many have lost their life and many others are still missing,beirut,1
69,2020-08-04T22:45:26.000Z,"No words can describe the devastation, sorrow and suffering Lebanon is going through after #Beirut #explosion. Lebanon was already struggling politically, economically, and with COVID-19 surging again. #MentalHealth needs are going to be paramount and as important as basic needs!",beirut,1
70,2020-08-04T20:00:29.000Z,"Guys, if you have a house in jnoub or bel shmel, then I really recommend that you go there for now. The atmosphere on Beirut is very toxic, and may cause serious problems.",beirut,1
71,2020-08-04T17:01:40.000Z,My loved ones and I are safe from the explosion in Beirut. But many people have had their lives change forever. I don’t know how much more this country can take.,beirut,1
72,2020-08-04T20:00:39.000Z,"My friends around Beirut, don’t hesitate to dm me if you need ANY thing!
Allah ykoun maakon",beirut,1
73,2020-08-04T22:46:00.000Z,Guys any therapist can tell us how to deal with such trauma with kids? My nephews are terrified. What should we expect and how to deal with it.,beirut,1
74,2020-08-03T06:51:08.000Z,"Can we go back to the way things were just for a day?
I miss n o r m a l.",beirut,1
75,2020-08-04T10:56:21.000Z,Liking my message is not a Response!,beirut,1
76,2020-08-04T20:27:50.000Z,Those rich celebrities should donate some of their money instead of praying on inatagram,beirut,1
77,2020-08-04T23:37:36.000Z,"Tonight we mourn Beirut
Tonight we mourn our city 
We mourn our families
Friends
Colleagues 

Tears of acid 
Burning capillaries 
Our hearts cannot take it

Smoke of blood 
Burning lungs 
Our chests cannot take it

We could be numb to it all
We could adapt to it all 
But not this",beirut,1
78,2020-08-04T22:00:12.000Z,"Your ruler does not care about you. Your ruler cares about his agenda & his money.

Read that again. Let it sink in.",beirut,1
79,2020-08-04T18:37:55.000Z,I wont comment on anything except I just came from hospital my daughter was Injured. 7 stitches Tha is God ,beirut,1
93,2020-08-04T20:10:38.000Z,"My tweeps. If any of you has no roof over his / her head tonight, we have 2 bedrooms in our house in Dbayeh waiting for you.",beirut,1
94,2020-08-04T16:31:32.000Z,PRAY FOR LEBANON ,beirut,1
95,2020-08-04T22:20:28.000Z,"We do not need prayers anymore, we need actions!

We’ve prayed for too long, if we do not help ourselves, God will not help us.

#EnoughIsEnough",beirut,1
96,2020-08-04T23:32:34.000Z,Are you not able to sleep too?,beirut,1
97,2020-08-04T16:25:34.000Z,I really hope all of you are okay and doing good and if u need help may it be materliastic or emotional please my dms are open.,beirut,1
98,2020-08-04T20:02:40.000Z,"For anyone affected by today’s explosion, I am ready to support as much as I can to help you recover from the damages faced. Plus I live Matn area and my house is open for those in need for a place to stay.
#YouAreNotAlone 
#انفجار_بيروت",beirut,1
99,2020-08-04T22:33:27.000Z,"How does one sleep after what we experienced today? This is all so surreal. Grateful that I’m fine, and my friends & family are all fine. Emotions are mixed between absorbing what happened, and so much anger toward everyone who’s been in power the past 45 years.",beirut,1
100,2020-08-04T19:08:23.000Z,"As a Lebanese citizen, I declare being 100% unsafe in Lebanon, and ask any International Force / Community to govern this country.",beirut,1
101,2020-08-04T17:00:28.000Z,"Can we at least respect the victims and not share videos or pictures of them.
Also can news stations stop filiming people who are injured, bleeding or in critical condition. This is not the time to ask them questions or what they saw or heard.
Thank you",beirut,1
112,2020-08-04T15:37:04.000Z,"So far early reports talk of a fireworks shipment explosion. Not very convincing. There was a small earthquake-like ""shake"" and heavy smoke in the port pier before the (second?) massive explosion. All scenarios are open.

#Beirut #beirut_explosion #lebanon24 #lebanon",beirut,1
113,2020-08-04T16:36:34.000Z,"I'm safe, like this if you are too?",beirut,1
114,2020-08-04T21:29:14.000Z,Years after 9/11 did we dare to assume the « inside job » status of the operation. I don’t exclude the Beirut port explosion being also an « inside job » by a party that feels threatened about their status in the region.,beirut,1
115,2020-08-04T20:49:52.000Z,Hope you never witness such moments. I'm traumatised still trying to remember what happened!,beirut,1
116,2020-08-04T23:16:33.000Z,"I have never seen in all my professional life what I saw tonight in all the hospital wards!
Catastrophic is not enough to describe the status!
This is too much for anyone to take!",beirut,1
117,2020-08-04T18:58:53.000Z,This country feels apocalyptic.,beirut,1
118,2020-08-04T17:14:07.000Z,"This is too much.. it’s just too much.. what have we, Lebanese, done to deserve this.. it’s heartbreaking ",beirut,1
0,2020-08-04T23:03:18.000Z,"I hate losing at Wembley, I hate losing the playoffs, I love Brentford - Goodnight ",london,0
1,2020-08-04T10:43:16.000Z,Trust me girls we don’t care if your boyfriend cheats on you it’s not everyday publicise your L’s you know,london,0
2,2020-08-04T16:17:38.000Z,"Guy in the back has family in middle east and reckons our Arab friends will be here from end of August till November. Bit of Hope.. Always take with a pinch of salt tho.
 #London #economy",london,0
3,2020-08-04T16:59:06.000Z,"Dear Junior Doctors who are leaving 
@NewhamHospital
 today - thank you from the bottom of my heart for everything you’ve given us over the past year. You have been amazing, inspiring, refreshing colleagues and we’ve been lucky to have you. Good luck in your future careers /1",london,0
4,2020-08-04T22:39:55.000Z,"For UK context, if that explosion happened in central London, any where within the M25 would have their windows smashed at bare minimum",london,0
5,2020-08-04T23:03:47.000Z,"That was for you Phil Edney 
 we done it mate beat that lot from other end of chiswick 
 ￼￼God bless mate 
xx 

Miss you tonight xx",london,0
6,2020-08-04T10:34:52.000Z,"To all readers 
Thank you so much for all the time and effort you put to create and put our free content for the collective on a daily basis. We appreciate you and love you. Sending all readers, healers, empaths, intuitives unconditional love, healing and blessings. ",london,0
7,2020-08-04T21:35:12.000Z,"All I’ve seen is Brentford fans banging on about doing the double over Fulham this season. Which ironically and mathematically stopped Fulham from being promoted automatically.

Only to beaten by them when it matters.. haha.

Poetic, Fulham.",london,0
8,2020-08-04T07:40:34.000Z,"Filming some Corona Virus Myth BUSTING today with some of my TV favs.

#Covid_19",london,0
9,2020-08-04T16:20:16.000Z,I can’t believe man are saying getting a girl a cab home is simping ,london,0
10,2020-08-04T16:04:10.000Z,A1. Hello my name is Rob Smith from Health Education England #Wearethenhs #OurNHSPeople,london,0
20,2020-08-04T20:56:09.000Z,"Personal view:  I have to say I’m disappointed in the NHS People Plan - despite a huge number of rainbows throughout the document 
 there is no specific mention of our LGBTQ+ or differently abled workforce. #OurNHSPeople",london,0
21,2020-08-04T22:34:26.000Z,Events in Beirut sort of put everything else into perspective. 2020 is relentless and I hope the final 4 months of the year offer some reprieve to those who have suffered most wherever they may be.,london,0
22,2020-08-04T21:43:24.000Z,"Parker trying not to cry, not gonna say I take back everything I've ever said about him but he is making a great argument for it!",london,0
23,2020-08-04T15:48:44.000Z,$LINK-pilling your friends and family is one of the purest forms of love ,london,0
24,2020-08-04T18:58:41.000Z,disturbing someones peace really is the most selfish thing ,london,0
25,2020-08-04T15:34:09.000Z,"Every single trans person is an absolute survivor & a hero.

Take a medal ",london,0
26,2020-08-04T19:50:24.000Z,"Just explaining the half time, erectile dysfunction ad to my 8 year old. Every day’s a school day... #FULBRE",london,0
27,2020-08-04T21:16:33.000Z,Fulham away then ,london,0
28,2020-08-04T13:58:25.000Z,I had a really vivid dream about buying stamps before I woke up and then my TL was full of Sherlock stamp news...,london,0
41,2020-08-04T13:35:27.000Z,"Pirelli puts Sunday failures down to wear, saying front left was under “maximum stress after a very high number of laps, with the resulting high wear meaning it was less protected from the extreme forces in play”.

Keeping softer compounds but will increase minimum pressures #F1",london,0
42,2020-08-04T14:08:29.000Z,"Ex-
@LUFC
 striker Kemar Roofe set to join 
@RangersFC
 - deal to be confirmed imminently. Impressed during short spell with Belgians Anderlecht.",london,0
43,2020-08-04T20:26:43.000Z,"I did nothing productive today 
. Let’s try again in the morning ",london,0
44,2020-08-04T21:00:20.000Z,Don't you dare make Raya a scapegoat for that. He's kept us in it so far and he's been fucking brilliant all season. If we do lose and you pin it all on him you're a fucking wanker,london,0
45,2020-08-04T22:10:27.000Z,"Solidarity with #Lebanon 

Those images are terrible, please be mindful with the shares peeps.

Please post or retweet fundraising links.",london,0
46,2020-08-04T18:18:18.000Z,"Who would've thought as lockdown started, when it began to lift we'd see a society that was less accessible, less understanding where medical treatment & social care was being withdrawn from disabled people?
We keep hearing 2020 is a disaster. Try being disabled eh?",london,0
47,2020-08-04T21:07:16.000Z,"Never really spoken about my drug use on here, but I’ve gone 8 months without any and 6 without actually wanting any. Kinda proud of that ",london,0
48,2020-08-04T22:55:18.000Z,Juan Pablo Angel.....Only the real premier league vets will know who that is and what he was on,london,0
49,2020-08-04T20:52:43.000Z,"Well done Ireland 
 well done 
@bbctms",london,0
50,2020-08-04T21:13:21.000Z,I am going to cry I am literally crying #FFC,london,0
51,2020-08-04T21:34:58.000Z,I LOVE YOUUUUUU FULHAM,london,0
52,2020-08-04T17:47:29.000Z,"Two years since I started at the incredible 
@Moorfields
. Staff have  provided emergency care  for our patients and over 100 staff were released to work in acute hospitals across london during the first wave. Proud of all our staff #nursing #teamCNO",london,0
53,2020-08-04T21:01:24.000Z,"A duaa for a latina sister who just converted to islam today. ALHAMDULILLAH 
! I’m so blessed to be a part of her journey & may Allaah keep her steadfast ‘Ameen.",london,0
54,2020-08-04T18:47:22.000Z,"Nadal was never going, Novak was always going. Moving right along ",london,0
55,2020-08-04T18:05:53.000Z,I’m still getting the same monthly salary as I was 10 years ago #NHSPay15 Thsnk you #BorisJohnson #matthancock,london,0
64,2020-08-04T21:58:19.000Z,"A lot of people on Twitter putting their 20/21 line ups & not seeing Ceballas in any of them 
 whoever Arsenal sign I for one want to see him in THE Arsenal team next season & BEYOND ",london,0
65,2020-08-04T19:42:21.000Z,"Jordan's Seismological Observatory: #Beirut explosion equivalent to 4.5 magnitude earthquake on Richter scale.

Thousands injured.",london,0
66,2020-08-04T19:13:16.000Z,Choosing a coffin for my mum is breaking me ,london,0
67,2020-08-04T19:48:22.000Z,"Am I a coding expert, or expert at googling?

Some would say they’re almost one in the same.",london,0
68,2020-08-04T21:24:41.000Z,"Well done, Scotty Parker.

Nice walk over the river for the away game “hopefully” next season! 
#BrentfordFC #OneOfOurOwn",london,0
72,2020-08-04T23:25:10.000Z,Man learning how to say no is hard ey ,london,0
73,2020-08-04T13:15:19.000Z,"Is making people go back to office work to help the economy? If the government really gave a flying flamingo they would rush to do a sensible trade deal with the EU, at the very least, then cancel the whole idiotic #brexitshambles .
So, what is it about? Corporate rents?",london,0
74,2020-08-04T21:01:07.000Z,"Had a meeting with my largest (Dutch) client this morning. He blew my mind at the end of meeting when he said ‘Dutch people really looking for UK to lead them out of EU’. Then explained, if there were ref in NL they’d probably vote out. He’s super bullish on UK",london,0
75,2020-08-04T23:36:55.000Z,"Imagine starting a production company where 3 of the directors of the company are producers, and they build an artist from scratch, brrrrrrrrrrrr",london,0
76,2020-08-04T22:04:51.000Z,Don't think I'll ever be able to enjoy a game of this shite sport ever again,london,0
77,2020-08-04T14:57:43.000Z,"Fancy A Dance runs this evening 
@Southwell_Races
 with 
@GavinSheehan
 onboard.",london,0
78,2020-08-04T16:50:48.000Z,"Shocked watching videos of explosion in #Beirut. Thoughts with friends and colleagues - Lebanese and 
@ukinlebanon
 - who I hope are well. A further unfair blow, to a country and people which are already struggling.",london,0
79,2020-08-04T17:40:06.000Z,"Surely the world can stop the conspiracy theories re the Lebanon blast & spare some concern for the dead, injured & their families?",london,0
80,2020-08-04T19:49:27.000Z,It's that time again! Horror choice! Best performance in The Exorcist ( There are so many!),london,0
81,2020-08-04T15:20:24.000Z,"Just because you’re not a white gay doesn’t mean you’re not going to be held accountable. 
Us Queer POCs also need to BEHAVE.",london,0
82,2020-08-04T21:51:16.000Z,"Congratulations 
@FulhamFC
. As a 
@BrentfordFC
 fan I am gutted, but I just want to sit in that new stadium with 
@MGlassup
 @Sharpie_Levy
 @ejronan81
 @BenGlassup
 @BeaverIniesta
 and watch my team play again! I love you Bentford, thank you for an amazing season.",london,0
83,2020-08-04T18:55:28.000Z,"Thank you to 
@katebrintworth
 for joining us for an exciting morning of interviewing 
@NorthMidNHS
. Lovely to be able to share the achievements of our midwives and our maternity unit with you today 
@ShereenNimmo
 @barbarakuypers
 #proud #yearofthenurseandmidwife",london,0
84,2020-08-04T18:40:19.000Z,"Today we renamed social distance 2physical distance in an effort 2emphasis the fact that folk can b around others but maintain a physical distance.

I’ve defo been less sociable rooted in a semi irrational fear of making others sick.
mask
sanitise / wash hands 
distance",london,0
85,2020-08-04T23:56:58.000Z,Reminder that 1200 calories is the approximation number of calories a TODDLER needs daily. No fully grown adult should be trying to survive on that. #howtoloseweightwell,london,0
86,2020-08-04T22:51:34.000Z,The footage of that explosion itself is soul shaking. I’m sending my love and prayers to everyone affected.,london,0
87,2020-08-04T18:19:56.000Z,"In 2020, with everything going on in the world, to hear that 100 municpalities in our sister European country have declared as LGBTQ Free Zones. Makes me feel sick to my stomach. Well done EU for taking a stand. Stand against bullies. Stand against hate. Stand against homophobia.",london,0
88,2020-08-04T18:28:08.000Z,"I’ve been working on a large enemy for something secret... and I’ve essentially stuck a Squid’s head 
 onto a Spider’s body 
... though the body looks like a colon 
 It looks pretty awesome though! 
#pixelart #gamedev",london,0
89,2020-08-04T19:19:07.000Z,"Oh typical. After a day talking chronic pain, I'm doing my exercises that are meant to help manage it, some things goes click in my back & bingo, breakthrough pain. Yeah, I'll just mediate or do yoga or mindfulness or hop on one leg. Or take meds.",london,0
90,2020-08-04T19:40:06.000Z,"Klarna 
will 
damage
your
credit
score
Dont
use
it
if
you
dont
have
to!",london,0
91,2020-08-04T20:28:08.000Z,"#TeamWingate played out an eventful 3-3 draw with 
@hanwelltownfc
 today, coming back from 3-1 down in our first pre season friendly of 2020-21.",london,0
101,2020-08-03T20:34:12.000Z,Can you remember to pay the full tip/service charge to your serving staff when you #EatOutToHelpOut please ,london,0
102,2020-08-04T22:35:56.000Z,Has everyone had enough water today then?,london,0
103,2020-08-04T17:03:19.000Z,"A great session from 
@johntomsett
 and 
@ROptimism
 with 
@TheNCE_
 really thought provoking #summerlearning #masters 
@WomenEd",london,0
104,2020-08-04T22:50:13.000Z,"3v3 $300 
@Goorilaa
 Superbot #Champs w/ 
@rhorer_
 @Finessen
  
#ImTheBestSuperBot ",london,0
105,2020-08-04T16:58:36.000Z,"Those who know and understand about #Diwali and #LordRam , finally temple getting constructed at Lord Ram’s Birth Place, #Ayodhya after 500 years from 5th August, 2020. 

#RamMandirAyodhya 
#AyodhyaRamMandir 
#BritishHindus 

How do you feel about this moment?",london,0
106,2020-08-04T18:43:14.000Z,C’mon Fulham! COYWS! As Fulham chairman Tommy Trinde said 60 years ago - ‘You lucky people!’ Let’s hope Fulham are!,london,0
107,2020-08-04T08:47:16.000Z,My new gauge of how confident the public are is how busy Pret is in Covent Garden when I walk past. 3 people in there. Confidence is still low. #DataScience #inisght,london,0
108,2020-08-04T20:38:05.000Z,Shall we just skip to the pens? I was hoping for more I have to admit #FULBRE,london,0
109,2020-08-04T12:36:18.000Z,"why is it black men with non black girlfriends or wives always have a lot to say, my ears are very much CLOSED ",london,0
110,2020-08-04T17:00:35.000Z,"It goes without saying but thoughts go out to everyone affected by the explosion in Beirut. 

It’s also not helpful or considerate to anyone affected for Twitter to start speculating about what caused it. Wait for the actual experts to do their jobs.",london,0
111,2020-08-04T16:30:38.000Z,"Lovely to see everyone (digitally) at the 
@Housing_Justice
 shelter Forum today. Thanks 
@Markgb62
 for having me to speak about the way 
@kcahtweets
 have utilised our amazing volunteers throughout the pandemic.",london,0
112,2020-08-04T20:02:22.000Z,I really dislike Twitter pile-ons,london,0
113,2020-08-04T21:41:07.000Z,"Do someting today that your future self will thank you for. Transform your body, one healthy meal at a time.
#makeyourselfproud",london,0
114,2020-08-04T13:23:58.000Z,I find it incomprehensible that the recently retired Archbishop of York John Sentanu has not been told to pick up a bit of sable on his way to the House of Lords - he so diserves it! Disgraceful omission,london,0
115,2020-08-04T11:33:44.000Z,"UK govt making good progress on reducing just one source of carbon emissions -electricity generation.
Down 10% in 2018.
Down another 9% in 2019.
Zero carbon grid by 2025 utterly possible, with political will.
#ExtinctionRebellion",london,0
116,2020-08-04T19:51:15.000Z,"Before I even attempt playing it later, how long does it take to install The Last of Us 2 on the PS4? I notice it’s two disks...
Yours sincerely 
A man with no time and a baby.",london,0
117,2020-08-04T21:21:56.000Z,"‘A thousand little civilities create tenderness in time..’
E.M. Forster~ A Room with a View

#duvetland",london,0
118,2020-08-04T19:52:46.000Z,I’ve been around long enough to remember when actual companies thought it was acceptable to unironically advertise for a “JavaScript Ninja”,london,0
119,2020-08-04T20:20:27.000Z,"I’ve done eat out to help out breakfast, dinner and tea today and spent less than £15. Stunning.",london,0
120,2020-08-04T20:18:08.000Z,Several months into a pandemic and working from home for many and people still don't know how to use Zoom/Teams ,london,0
121,2020-08-04T22:11:33.000Z,"Hey all, in a moment like this, when aid is needed immediately, where’s the best place to donate some money to help those in Beirut?",london,0
122,2020-08-04T21:14:37.000Z,I don’t care what anyone is saying the FA have to check through the Brentford keepers phone and check his betting accounts cos what I kinda nonesense he dealing with tonight ,london,0
123,2020-08-04T09:37:26.000Z,"Very excited to announce I’m going to be making my first international trip in 5 months next week (no flying of course!) 
So pumped for a bit of 
 & 
  !
Can you guess which region I’m heading to?

#BWSP #ttot #travel #flightfree2020 #ecotravel #travelblogger 
@EurostarUK",london,0
138,2020-08-04T17:25:57.000Z,"F**k you 
@BBCNews
. Covering the 
@NICEComms
 pain treatment story with someone with a knee injury who got hooked on meds by not following the existing guidance & having no one who actually lives with chronic pain proves you aren't worthy of the name news. Disgusted.",london,0
139,2020-08-04T21:46:49.000Z,"Loved Scott Parker as a player and love him just as much as a manager. The humility of this guy absolutely love him. Congratulations to Fulham. What a guy 
 #Fulham #Scottparker #Playoffs",london,0
140,2020-08-04T16:19:02.000Z,Spoons withdrawals,london,0
141,2020-08-04T15:32:11.000Z,"Remember when Everton played Everton?

10 years ago today was the first meeting between the team from Liverpool and their Chilean namesakes from Viña del Mar, which was founded in 1909 after the English club's pre-season tour of South America.",london,0
142,2020-08-04T13:12:48.000Z,"Man City have signed Ferran Torres for 25m and Nathan Ake for 40m.

These are 2 players United could have signed if they had sensible folks in charge of their recruitment.

The gag is City will still end up doing better than them next season with their 150m signings.",london,0
143,2020-08-04T11:41:47.000Z,"Yesterday most people said they do believe in free will. Do you believe in it after reading the thread below? 
 Say why in the comments.",london,0
144,2020-08-04T18:57:26.000Z,Sorry I still cannot get my head around why Boris Johnson would give Evgeny Lebedev a knighthood. I mean what on earth could he have done to warrant such a prize - delivered kompromat on Putin (joke). It’s inexcusable.,london,0
145,2020-08-04T17:56:23.000Z,"Crime solicitors: What is a ""normal"" number of hours to work per day? And by per day, as we work police station overnights as well, I mean within a 24 hours period? I'll go first. Over the last week I've averaged 14 hrs a day. This includes the weekend. In my book, this means I",london,0
146,2020-08-04T21:01:11.000Z,*Adds David Raya underneath Phil Jones on list of ex-Blackburn players I will always defend regardless of what they do*,london,0
0,2020-08-04T23:59:53.000Z,should I say “the great game” after my tip loses to sound astute,ottowa,0
1,2020-08-04T23:59:56.000Z,Every successful person has a story to tell...,ottowa,0
2,2020-08-04T23:59:59.000Z,just got tested for covid and as soon as the nurse pulled the swab out of my frontal lobe she dropped it on the ground.,ottowa,0
3,2020-08-04T23:59:55.000Z,"If you're breathing, 
you're still in the game.",ottowa,0
4,2020-08-04T23:59:50.000Z,Durk had to go live to show us he was on the plane when that happen,ottowa,0
5,2020-08-04T23:59:48.000Z,OMFG I GOT APPROVED FOR MY BBL LOAN LMAOOOOO!!,ottowa,0
6,2020-08-04T23:59:58.000Z,"Date fine boy u say no
U see now u can't do lomotif",ottowa,0
7,2020-08-04T23:59:43.000Z,I want all my friends to get recognized for their talents,ottowa,0
8,2020-08-04T23:59:52.000Z,U only exist if I allow you to this my world!,ottowa,0
9,2020-08-04T23:59:47.000Z,i’m hot but only when i’m wearing sunglasses in a small town liquor store,ottowa,0
10,2020-08-04T23:59:51.000Z,living at mac is just being forced to choose between shopping at kowalskis and whole foods,ottowa,0
11,2020-08-04T23:59:56.000Z,the government should just pay for all education full stop,ottowa,0
12,2020-08-04T23:59:43.000Z,"HOLY COW.

I am shaking. That was incredible.

Looked like a successful hop! Stand by for official confirmation, though! 
 #Starship #SN5",ottowa,0
13,2020-08-04T23:59:46.000Z,"Chicago rapper FBG Duck has passed away, RIP ",ottowa,0
14,2020-08-04T23:59:48.000Z,Idk who needs to hear this but spirit animal jokes are appropriation,ottowa,0
28,2020-08-04T23:59:55.000Z,"I’m gonna hop on a plane and just move to Colorado, I hate it here :( LOL",ottowa,0
29,2020-08-04T23:59:51.000Z,"Hey 
@ESPNFantasy
 , Im trying to create a league but I’m given zero tools to edit the scoring/format to our participants liking. My 11 friends and I are not afraid to take our talents to Yahoo so I suggest you respond to this tweet with some serious facts #glizzy",ottowa,0
30,2020-08-04T23:59:54.000Z,"Hoooo not that native 
Every time I try to type “ago,” it automatically corrects it to “aho” ",ottowa,0
31,2020-08-04T23:59:50.000Z,Sweet akong girlfriend wala nga lang boyfriend.,ottowa,0
32,2020-08-04T23:59:56.000Z,Trees need to step up their game...just falling down from a little wind! Abysmal performance from the trees of northern New Jersey today,ottowa,0
49,2020-08-04T23:59:56.000Z,"I would also argue $30 to rent MULAN is intentionally ""too high."" It still solidifies MULAN as a premium product and not just another VOD flick. The mistake of the streaming era was getting consumers used to the idea of ""almost nothing"" as a reasonable price for a big new movie.",ottowa,0
50,2020-08-04T23:59:56.000Z,Y’all remember when we literally pulled a “Hail Mary” with Trollz all because they doubted us? let’s do it again with “Move Ya Hips” I would like to break another record ,ottowa,0
51,2020-08-04T23:59:52.000Z,Bring on the numbers.,ottowa,0
52,2020-08-04T23:59:45.000Z,They ain’t believe in me.. still don’t,ottowa,0
53,2020-08-04T23:59:55.000Z,Let's face it. One of the reasons that teachers have political clout is because they are taxpayer paid babysitters. Parents will support striking teachers because its cheaper to pay a little more in taxes then quit your job or find all day daycare.  So teachers not wanting to go,ottowa,0
54,2020-08-04T23:59:56.000Z,"oH mY gOD yOu’RE tAlKiNg aBoUt sEx oN tWiTteR 
tHaT’s sOoOoOo uNLaDyLiKe 
 i cAn’T reSpECt yOu aNyMoRE 
 pack it up bitch boy",ottowa,0
55,2020-08-04T23:59:47.000Z,SN-5 LIVES!!!,ottowa,0
56,2020-08-04T23:59:52.000Z,"My whole body hurts, I can't feel my legs due to the shock
I feel emotionally drained trying to process what happened today
I'm afraid to close my eyes so I won't wake up to another bomb, glass shatering or loosing a beloved one
I just feel numb. 
They killed the soul of Lebanon.",ottowa,0
57,2020-08-04T23:59:59.000Z,I wish I could listen to Chum by Earl Sweatshirt again for the first time,ottowa,0
58,2020-08-04T23:59:50.000Z,"I picked a hell of a time to get into school administration! Whatever the model, let’s continue putting our students first in all that we do.",ottowa,0
59,2020-08-04T23:59:47.000Z,Sometimes you gotta do yo own shit,ottowa,0
60,2020-08-04T23:59:48.000Z,"Me: You guys are done with video games today!

My 9 year old: FINE BUT I'M GOING TO EAT EVERY FOOD WE HAVE IN THE HOUSE!

Me: FINE!

#parenting",ottowa,0
61,2020-08-04T23:59:38.000Z,Nice to break 14000 followers today. I’d say how about that verification but not sure that blue checkmark means much. Seen some of those tweets. ,ottowa,0
84,2020-08-04T23:59:57.000Z,notification squad wya,ottowa,0
85,2020-08-04T23:59:55.000Z,i was watching a swedish show and i was like hmm sweden seems calm uno....imagine if someone in sweden watched Aifric and thought hmm ireland seems calm,ottowa,0
86,2020-08-04T23:59:49.000Z,shrimp n steak cause court tomorrow just in case the judge wilding out,ottowa,0
87,2020-08-04T23:59:46.000Z,"middle school: 1D wall 
high school: Scripture Wall 
college: Painting wall 

clearly I’m a whore for a single wall to be dedicated to some typa theme lmaooo y am I like this ",ottowa,0
88,2020-08-04T23:59:56.000Z,"Police Unions - We are allowed to kill and break the law and there's nothing you can do about it.
Government - Very good.
Teacher's Unions - School is unsafe and we don't want our members to die. Let's work together to find a solution
Government - Selfish, we will abolish you.",ottowa,0
111,2020-08-04T23:59:44.000Z,"5k viewers watching 
@KyleeFatale
  being a crackhead. I’m so happy for her!!!",ottowa,0
112,2020-08-04T23:59:52.000Z,"“My muscles shrink when I stop exercise” - ok. 

“My body smells when I stop showering” - really 

“My blood glucose & weight go up when I stop my nutrition plan” - ",ottowa,0
122,2020-08-04T23:59:52.000Z,if i ship nearly every wlw katara ship no i don’t but i do no ,ottowa,0
123,2020-08-04T23:59:51.000Z,man it’s official. i have the sleep schedule of a 30 year old male,ottowa,0
124,2020-08-04T23:59:44.000Z,Sandra Smith was being a little bitch with Mercedes! Why the rudeness? Mercedes trying to explain the faults with mail in ballots and Sandra really rudely dismiss that as silly worry!,ottowa,0
125,2020-08-04T23:59:58.000Z,Had to unfollow my sorority cause honestly I’m embarrassed I was ever part of that and idc who sees this,ottowa,0
126,2020-08-04T23:59:48.000Z,u dont have to be so cautious if u practice what you preach,ottowa,0
127,2020-08-04T23:59:54.000Z,THEY DID IT! Starship hop success!,ottowa,0
128,2020-08-04T23:59:49.000Z,just got a sword from a woman with 5 other swords in her bare chest and increased my max hp,ottowa,0
129,2020-08-04T23:59:56.000Z,"Onlyfans link in bio for a limited time 
 top .96% !",ottowa,0
130,2020-08-04T23:59:48.000Z,"oh we're big braining tonight,,, i dont trust u anymore by left @ london is a david 7 song in many ways",ottowa,0
131,2020-08-04T23:59:57.000Z,"Tornado warnings , crippling rain,  incredible winds ... yet all I see and feel is you in the sunset and the brightness of the moon and stars .",ottowa,0
132,2020-08-04T23:59:45.000Z,"* I HATE RELAXING!!
* I LOVE being ANGRY and STRESSED OUT!!!",ottowa,0
133,2020-08-04T23:59:54.000Z,just saw a corona commercial that had a khruangbin song playing .... can't believe i stan lagers now,ottowa,0
134,2020-08-04T23:59:47.000Z,"in less than 24 hours, my blonde era will be over",ottowa,0
135,2020-08-04T23:59:57.000Z,RIP FBG Ducc foo dayum,ottowa,0
136,2020-08-04T23:59:49.000Z,I need some sexercise,ottowa,0
137,2020-08-04T23:59:43.000Z,Imma go ahead and say it. Moesha was a brat.,ottowa,0
138,2020-08-04T23:59:51.000Z,Stay positive through the negative situations,ottowa,0
139,2020-08-04T23:59:56.000Z,i just realized that i took photos in ac with the screenshot button instead of the + sign... so the guide is still on it BECAUSE I’M STUPID ,ottowa,0
140,2020-08-04T23:59:46.000Z,"We're closed, btw.",ottowa,0
141,2020-08-04T23:59:57.000Z,Clippers fans be calling the Lakers frauds until they lose to a 29-39 team. ,ottowa,0
143,2020-08-04T23:59:53.000Z,"I stan a man that causes conflicts 
Brighto!!!!",ottowa,0
144,2020-08-04T23:59:59.000Z,This Betway ad. ,ottowa,0
145,2020-08-04T23:59:57.000Z,"My head is imploding. 3 MAJOR topics, 2 with metric tons of research and information flying in from all sides. I need a goddamn professional research assistant.",ottowa,0
146,2020-08-04T23:59:56.000Z,"gonna hang w da bestie and go to party city and dollar tree and make earrings together, then go to world market and look at sanrio stuff and then thrift and gonna go smoke and drink tea and have fun w da bestie",ottowa,0
147,2020-08-04T23:59:48.000Z,Why is marzipan the best thing ever?,ottowa,0
148,2020-08-04T23:59:49.000Z,"Yes, I admit....I have an unhealthy relationship with chipotle ",ottowa,0
149,2020-08-04T23:59:48.000Z,Should be goalie interference on Cody Eakin,ottowa,0
150,2020-08-04T23:59:42.000Z,I will tell y’all... I’ve had this ios14 beta for about a month now... I’m going to go out on a limb and say it’s 10/10,ottowa,0
151,2020-08-04T23:59:52.000Z,"Hubs: oooo Spaceballs is on Netflix! Cool. 
Me: I never saw it
Hubs: WHAT?!?
Me: I mean I know a line from it
Hubs: what? Why?
Me: my maiden name was Schwartz
Hubs: oh. Okay. Right. That makes sense. Well. We’re watching it tonight. 

So here we are friends ",ottowa,0
152,2020-08-04T23:59:57.000Z,Can’t wait until I can afford an industrial loft in Brooklyn with floor to ceiling windows,ottowa,0
153,2020-08-04T23:59:57.000Z,"Because of the Marlins circumstances and the Orioles hot start, I'm seeing the Orioles are favored in betting markets in the -120/-125 range. I don't know when the last time they were favored was, but I imagine it's been a while.",ottowa,0
154,2020-08-04T23:59:56.000Z,"1st and 2nd, nobody out. Let’s see how the Indians screw this up. Strikeout, pop out, strikeout is my prediction.",ottowa,0
155,2020-08-04T23:59:45.000Z,"Just played tackle football even tho there was only like 4 tackles all game and I had em all. Also had 3 FFs, 1 INT, 4 defensive touchdowns and 6 offensive touchdowns. I don't even play tackle football and I was the best player on the field ",ottowa,0
156,2020-08-04T23:59:56.000Z,FBG ducks last song.,ottowa,0
157,2020-08-04T23:59:59.000Z,Connor Hellenervous,ottowa,0
158,2020-08-04T23:59:44.000Z,everytime i open this bird app lately someone’s tryna act oppressed over the dumbest shit,ottowa,0
159,2020-08-04T23:59:55.000Z,"Incredible flight and landing! 

Go 
@elonmusk
 @SpaceX
 ",ottowa,0
160,2020-08-04T23:59:51.000Z,Thinking about bees,ottowa,0
161,2020-08-04T23:59:57.000Z,Why are people talking about Taylor possibly blocking Katy when she probably won’t even reach top 2 ,ottowa,0
162,2020-08-04T23:59:53.000Z,"Did you know that gas stations have ""car wash clubs,"" because people who think about washing their cars more than once a year exist? I honestly cannot imagine what that would be like so if you know one of those people, I would like to ask them a LOT of questions.",ottowa,0
163,2020-08-04T23:59:58.000Z,"Hop test success!! $TSLA up $100 tomorrow 
@squawksquare
 lol!?!",ottowa,0
164,2020-08-04T23:59:48.000Z,"Qld border closure will have massive implications for 
@afl
 Bring all the teams to WA. Quarantine for two weeks. Season can be completed here in WA. PROBLEM SOLVED",ottowa,0
165,2020-08-04T23:59:55.000Z,Today our interim dean claimed to have made an action plan based on “listening” and learning from our college equity listening sessions. However. She didn’t attend them. And neither did the person she says informed her about it. And the report hasn’t been made yet. ,ottowa,0
166,2020-08-04T23:59:50.000Z,What should I eat ?,ottowa,0
167,2020-08-04T23:59:51.000Z,"i’ve always considered myself a loyal friend but my very close oomf said something today that can’t be excused. it’s disgusting and very offensive. it may be triggering for some so please if ur easily triggered DONT READ IT. 
@lovercatkelly
 this is the last time i protect u.",ottowa,0
168,2020-08-04T23:59:43.000Z,"I am very particular about who my friends are in real life. One of them is 
@BretTheBest
, someone who has been through a lot including being sexually abused multiple times & objectified in Hollywood from age 18-21. Give him a follow if you’d like & show him some support. ",ottowa,0
169,2020-08-04T23:59:56.000Z,"Had the Pico de Gallo burger from 
@Whataburger
 today and all I can say is..... Man, What a burger.",ottowa,0
191,2020-08-04T23:59:52.000Z,What a weird game.,ottowa,0
192,2020-08-04T23:59:56.000Z,"After an E6 & a walk by Pedro Strop, Lucas Sims is up",ottowa,0
193,2020-08-04T23:59:56.000Z,"The “good news” about large swaths of the earth becoming uninhabitable if we stay on our current course is that it will happen so gradually, and humans are so adaptable, that we will be used to it by the time it comes. ",ottowa,0
0,2020-08-04T13:51:49.000Z,CLUB UPDATE!,johannesburg,0
1,2020-08-04T20:53:06.000Z,"You’re not asking for too much, you’re asking for it from the wrong person 
... there’s so much reciprocation around me.",johannesburg,0
2,2020-08-04T16:56:39.000Z,"Lebanon 
Middle East 
May Allah protect the ummah ",johannesburg,0
3,2020-08-04T11:23:31.000Z,"Barack Obama turns 59 today. Guy has been in retirement for 4 years already. Meanwhile in Africa, 70 year olds still have ambitions of leadership at the highest levels.",johannesburg,0
4,2020-08-04T06:45:13.000Z,All my marks are finally out. Bathong lona kenale LL.B Degree.  ,johannesburg,0
5,2020-08-04T18:26:22.000Z,Post breakup everyone wants to be the first to reach that “look I'm doing better without you” stage so bad that they rush the healing process.,johannesburg,0
6,2020-08-04T19:41:39.000Z,Today at 15H45 I became a father to a beautiful baby girl ,johannesburg,0
7,2020-08-04T10:31:18.000Z,"ummah heart really has me sobbing about the death of a woman that happen over 1400 years ago. the death of a woman i’ve never met 
. 
Islam is truly incredible 
.",johannesburg,0
8,2020-08-04T09:11:35.000Z,"11:11
A free and fair democracy for all 
#FreeZimbabwe 
#ZimbabweLivesMatter",johannesburg,0
9,2020-08-04T12:51:33.000Z,Yeah buying new sneakers are cool but buying new stationery just hits different,johannesburg,0
10,2020-08-04T21:11:10.000Z,Truth is #ZimbabweanslivesMatter but Zimbabweans lives must matter in Harare not in South Africa.We are fully behind #SouthAfricansLivesMatter with no apology whatsoever.,johannesburg,0
11,2020-08-04T21:23:25.000Z,"Lalela. be prepared, it won't come twice. ",johannesburg,0
12,2020-08-04T13:10:44.000Z,Is it compulsory to have a government?,johannesburg,0
13,2020-08-04T18:50:49.000Z,"""Denying a truth you find distasteful doesn't negate the existence and subsequent influence of that truth""

#ZimbabweanLivesMatter",johannesburg,0
14,2020-08-04T06:38:13.000Z,"Don’t over-share. Leave a little mystery in your life. Not everybody wants to see you win. Take care 
#rogerthat",johannesburg,0
15,2020-08-04T13:15:48.000Z,"Whoever is reading this, I speak financial stability into your life...",johannesburg,0
16,2020-08-04T22:10:10.000Z,I just hurt myself by going to read something I shouldn't have,johannesburg,0
17,2020-08-04T03:53:04.000Z,"Until Zimbanwe have peace and see economic growth, SA will always have challenges when it comes to illegal immigrants. We need to help Zimbabwe #ZimbabweLivesMatter",johannesburg,0
18,2020-08-04T11:00:29.000Z,"Last week we received a $4.3bn loan from the IMF. At 16.40 to the dollar that gave us the R70bn everyone was so excited about, especially the yield at around 1.1%. Well! The rand is now 17.40 to the dollar, which means we owe the IMF R75bn. A loss of R5bn or 7% in a week.",johannesburg,0
19,2020-08-04T23:48:29.000Z,"2020, give us a break my g",johannesburg,0
56,2020-08-04T11:56:56.000Z,"#PutSouthAfricansFirst doesn’t mean we stop fighting for Land to be shared, for the economy to be opened, for means of production to be owned by the majority. It’s not either or. We must prioritize citizens and blacks must dominate all sectors of the economy.",johannesburg,0
57,2020-08-04T11:14:18.000Z,What I have concluded with buying hair is that you have to go big or go home.,johannesburg,0
58,2020-08-04T17:28:24.000Z,Whoever tests first gets blamed for bringing disease into the family.,johannesburg,0
59,2020-08-04T13:29:38.000Z,"I wrote a published piece on “How To Become More Employable” 
 Aibo. I - Luyanda Duma
 PUBLISHED 
 No ways ‘mkhulu uJesu",johannesburg,0
60,2020-08-04T13:30:27.000Z,All DSTv channels are open in case you home and don’t know what to watch.,johannesburg,0
61,2020-08-04T08:23:02.000Z,"Lockdown has made us much better people. We eat meals at home, talk to family often, & answer our phones & mails promptly. We’re drinking less, exercising more & have stopped telling raunchy jokes. There is no doubt we can expect male life expectancy to drop by at least 10 years.",johannesburg,0
62,2020-08-04T18:43:57.000Z,You wanna know the worst part about apologising to your girl?? It’s when she asks “WHAT EXACTLY ARE YOU SORRY FOR?”... most of the time you just apologizing to end the argument.,johannesburg,0
63,2020-08-04T21:27:24.000Z,"Man I can’t wait to fall in love again, genuinely w/o having to look over my shoulder.",johannesburg,0
64,2020-08-04T15:32:05.000Z,"It’s the most incredible thing to have people around you who want you to succeed, that push you harder, build you up and genuinely appreciate you as a person. Thank you to those who are around me and do that 
 it means the world to me :)",johannesburg,0
65,2020-08-04T08:50:36.000Z,"Dear Live Performance Artist... please get trained in the art of using in ears 
 

With kind regards,

The Industry",johannesburg,0
66,2020-08-04T20:01:19.000Z,"My duas and thoughts go out to all my dear friends in #Beirut #Lebanon. 

May ALLAH TA’ALA make it easy for one and all. May He grant ease to all those injured. Those that have passed on, we pray for their families. ALLAH TA’ALA grant them peace and patience. 

#LebanonExplosion",johannesburg,0
89,2020-08-04T16:55:26.000Z,Why do guys get over breakups so much faster than ladies? They move on so quickly ,johannesburg,0
90,2020-08-04T04:48:27.000Z,"Anything i lacked in the month of July, i will gain it in August. 

                   Double portion ",johannesburg,0
91,2020-08-04T08:19:05.000Z,The day I stopped with the expectations ... was the day ... I made massive progress ,johannesburg,0
92,2020-08-04T10:21:22.000Z,"Things that make me sad:
• UJ
• University of Johannesburg 
• uLink
• Blackboard",johannesburg,0
104,2020-08-04T18:47:12.000Z,"I’m so bad with WhatsApp. 
 .",johannesburg,0
105,2020-08-04T12:58:50.000Z,"ML Pandor was A man among men !! Dedicated his life to educating . A great sense of Humour & loved his cricket !! May Allah grant him thee Highest stages in Jannah 
 Ameen 
 will dearly be missed , AMS won’t be the same ",johannesburg,0
106,2020-08-04T18:43:01.000Z,good things will happen to you soon,johannesburg,0
107,2020-08-04T10:09:15.000Z,I’ve come to the realisation that I don’t know how to university anymore,johannesburg,0
108,2020-08-04T12:14:28.000Z,food heals ,johannesburg,0
109,2020-08-04T05:27:38.000Z,"And this is the confidence that we have toward him, that if we ask anything according to his will he hears us.
1 John 5:14",johannesburg,0
110,2020-08-04T00:06:14.000Z,"I want to drop a song title stress mark 
I love women stress mark .the natural ones ‘no be the one from njansang’ 
#njiemoni",johannesburg,0
111,2020-08-04T17:15:00.000Z,Go to google & search for “old grannies” & go to images.,johannesburg,0
112,2020-08-04T20:45:12.000Z,"Signs of dangerous 
Girlfriend:
Natural hair
Always indoors
Shoe size 4/5 ",johannesburg,0
113,2020-08-04T19:58:13.000Z,"Congratulations to my Mentor and Father 
@benjamindube
 we celebrate with you Dad your work for decades and decades is speaking for you now ",johannesburg,0
114,2020-08-04T20:42:26.000Z,The state of the world right now ,johannesburg,0
115,2020-08-04T05:17:07.000Z,"For every set back, God has a major come back
 #Believe",johannesburg,0
116,2020-08-04T19:59:18.000Z,Hafa twitter since morning man di work,johannesburg,0
117,2020-08-04T09:17:12.000Z,"Read - Comprehend - Think - Rspond.

O ska no phaphela di mention tsa batho.",johannesburg,0
118,2020-08-04T18:17:50.000Z,I pray that all my friends find the strength to leave toxic relationships ,johannesburg,0
119,2020-08-04T14:19:46.000Z,I hate food menu with no pics.,johannesburg,0
120,2020-08-04T19:58:44.000Z,Ever Kissed someone at the groove and never got their name or even where they stay?,johannesburg,0
130,2020-08-04T19:33:21.000Z,"Just read that marriage thread. Ndoyika guys 
 - kunzima out there",johannesburg,0
131,2020-08-04T07:54:13.000Z,"Eeh on this  04 August 2019 was in the Dr's office Glenwood Hospital 
 for my lungs checkup and was told 1 of my lung looks like a drain 
 lung infection eeh so maar net daarso I took a decision about my health I immediately stopped 
 and start doing brisk walking 
 ",johannesburg,0
132,2020-08-04T13:44:38.000Z,God just Blessed me beyond measures. My 20Plenty blessings ,johannesburg,0
133,2020-08-04T20:32:39.000Z,Reality is Elaine is definitely bigger than these awards. Let’s revisit this conversation in a year...,johannesburg,0
134,2020-08-04T17:26:50.000Z,"My puppy is so cute ninani 
 
Ndimthini? Aaargghh I’m in love",johannesburg,0
135,2020-08-04T18:26:56.000Z,"Documentaries about hauntings and paranormal activities have taught me 3 things... 

1. Do not buy a house with a Basement. 
2. Don’t buy a rocking chair.
3. Dogs are always right. ",johannesburg,0
136,2020-08-04T18:49:10.000Z,Black photographers doing big tings and winning is the Content I live for ,johannesburg,0
137,2020-08-04T06:05:34.000Z,"At some point, we will need a graphic designer for book ibhoni.",johannesburg,0
138,2020-08-04T13:30:45.000Z,"We about to get paid for IGTV videos 
 - what a time for creatives !",johannesburg,0
139,2020-08-04T13:32:27.000Z,"""Tired of rapping about things I don't have"" - 
@casspernyovest
 #AMN",johannesburg,0
140,2020-08-04T20:19:27.000Z,"I’m such a sharp shooter 
 did you see what I just posted",johannesburg,0
141,2020-08-04T08:07:51.000Z,My Uber driver just asked me if I'm on my way to school.,johannesburg,0
142,2020-08-04T18:38:17.000Z,You only engage with verified accounts and other influencers on your posts yet you expect peasants to keep engaging on your posts. Basically they should talk to themselves on your posts because you that important.,johannesburg,0
143,2020-08-04T20:36:36.000Z,"I won't lie, rn? I feel like I'm not good enough. As much as these are temporary feelings, it kinda hurts.",johannesburg,0
144,2020-08-04T09:44:45.000Z,"I just realized a Range Rover makes a lot of sense for me, if i need to go off-road to site, i can do so, if i need to pull a trailer with lifestock i can do so, if i wanna pull up outside Paul in Melrose for brunch i can also do so.",johannesburg,0
145,2020-08-04T17:44:05.000Z,"Tell me, injani connection unlimited 4G ye rain ?",johannesburg,0
146,2020-08-04T06:39:09.000Z,Today’s a good day to be Great!,johannesburg,0
147,2020-08-04T14:17:54.000Z,Harvard Referencing is an assignment on its own ,johannesburg,0
148,2020-08-04T18:34:57.000Z,People are weird.,johannesburg,0
149,2020-08-03T18:56:50.000Z,Green Tea & Lemon ,johannesburg,0
150,2020-08-03T18:14:59.000Z,Leave the CLA45s alone ,johannesburg,0
151,2020-08-04T11:20:14.000Z,"I hate it when a manager or something say ""please help me with this, I'll buy you lunch""

Do I look hungry ",johannesburg,0
152,2020-08-04T19:27:50.000Z,"Harriet, no!
 #TheQueenMzansi",johannesburg,0
163,2020-08-04T19:58:27.000Z,Are these awards playing everyday this whole week?,johannesburg,0
164,2020-08-04T23:22:53.000Z,mukbang is for people who know what they are doing,johannesburg,0
165,2020-08-04T11:53:40.000Z,"The relationship I have with my mother is the best thing I could have ever asked for ebomini 
 yhu samkhumbuli",johannesburg,0
166,2020-08-04T21:40:06.000Z,dropping out has been heavily on my mind lately.,johannesburg,0
167,2020-08-04T21:38:48.000Z,"Genre: Slow Jam/RnB

Who’s your fighter?",johannesburg,0
168,2020-08-04T20:20:01.000Z,Do you keep changing partners to avoid changing yourself?,johannesburg,0
169,2020-08-04T17:00:13.000Z,"The #Caramellos played in the garden. Sprinkler was on and they made a mud castle

#Day131OfLockdown #SchoolHolidays",johannesburg,0
170,2020-08-04T07:39:35.000Z,I’ve accepted being single is my portion. I’ll be the single rich aunt at family gatherings,johannesburg,0
171,2020-08-04T16:49:44.000Z,"Today. We reached 1493 followers

We are 7 away from 1500 followers

40 subs away from 100

Gotta say. Accomplishing this is awesome. And i am deeply grateful friends",johannesburg,0
172,2020-08-04T14:49:34.000Z,"Feeling much better! 

The voice is kinda back. Still a bit raspy but much better than izolo

I unravel when I'm not feeling well 
I was already planning on who I'd leave my #LeCruCru pots for 

Thanks for all the messages and love ",johannesburg,0
173,2020-08-04T12:31:12.000Z,I'm craving for a Cigarette ,johannesburg,0
174,2020-08-04T22:52:16.000Z,"Matured enough to realize that I had some toxic traits too.
It goes both ways.",johannesburg,0
175,2020-08-04T20:17:55.000Z,I am so proud of you @mr_mokgoroane you are doing so well and I know you will pull through this final stretch. Five to being an Advocate. My dress is ready. ,johannesburg,0
176,2020-08-04T07:51:36.000Z,Roasted beetroot will have you calling your Doctor the next morning after using the bathroom ,johannesburg,0
177,2020-08-04T14:33:52.000Z,"Yes, the IMF loan was provided in SDRs. Yes most S Africans who borrow foreign currencies hedge their bets - expensive because of the volatility of the rand. Regardless over the past 5 days the rand has lost 5.2% against $, 4.7% vs euro & 5.4% vs sterling. A big part of SDRs",johannesburg,0
178,2020-08-04T08:07:32.000Z,I value my own peace more than ANY friendship/ relationship.,johannesburg,0
179,2020-08-04T08:20:04.000Z,Do everything with Love or don’t do it at all... coz you might start something you won’t finish . ,johannesburg,0
180,2020-08-04T15:53:34.000Z,Any Brand that comes up on my TL again... Im going Straight to Ali Express to look for it..,johannesburg,0
181,2020-08-04T14:06:58.000Z,"If you care more about what I’m wearing than the actual date, how about we dress up in our best outfits and walk around the mall then? Since that’s what you care about?",johannesburg,0
182,2020-08-04T14:28:45.000Z,"New rule...

If you ain’t bought none, you don’t have any right to take a video of our chillas.",johannesburg,0
206,2020-08-04T22:06:35.000Z,My hair has 3 different textures and curl patterns. This sis is just doing her own thing. Ha ke sa tseba jwale,johannesburg,0
207,2020-08-04T20:43:55.000Z,Personally if you ask me there’s no ways di 100 shooter le di black spiders did that much damage. There’s more to it.,johannesburg,0
208,2020-08-04T19:52:17.000Z,"Great start from 
@Middlesex_CCC
 with a special mention to my mates 
@ngubbins18
 @JohnSimpson_88
 lovely to see boys 
 #middlesexccc",johannesburg,0
209,2020-08-04T11:07:33.000Z,"Apparently the illegal trade in South Africa is booming & our country is losing out on billions in tax.

So here's a question… has the alcohol & cigarette ban stopped you from drinking or smoking?

I'm super interested to see this little poll's answers.",johannesburg,0
