,date,contents,city,city_in_disaster
0,2011-03-11T09:03:27.000Z,JAPAN-WE KNOW HOW YOU ARE FEELING-OUR PRAYERS ARE WITH YOU! #eqnz #prayforjapan,christchurch,0
1,2011-03-11T08:05:25.000Z,There's gonna be sooooo much liquefaction to deal with in Japan,christchurch,0
2,2011-03-10T15:30:15.000Z,"110310153010;ET;104688;New Zealand;0.46 million;3/10/2011 07:07 UTC;4.2 M;10 km;;;-43.55, 172.74;usc0001wpq;",christchurch,0
3,2011-03-11T08:08:11.000Z,Japan 8.9M Earthquake - unbelievable images on the news right now #eqjp,christchurch,0
4,2011-03-10T15:35:08.000Z,"ET11031015301;0;WT;4:00AM-NZDT,03/11/11,Christchurch,New Zealand;57F/14C;100%;NW at  2mph/4km/h;29.98in/1015hPa  (Steady);Mostly Cloudy;1:25",christchurch,0
5,2011-03-10T15:35:09.000Z,ET11031015301;1; PM NZDT;10:38 PM NZDT;;0;9.0;-33.6;309.7;,christchurch,0
6,2011-03-10T03:13:24.000Z,This twitter app is weird it can locate my tweets preferred the old one before I updated it,christchurch,0
7,2011-03-10T04:32:01.000Z,Off to fight traffic!!,christchurch,0
8,2011-03-10T19:18:27.000Z,Ugh.. I'm never drinking again.. Until next time I guess!,christchurch,0
9,2011-03-10T08:38:08.000Z,"So this is what an unjailbroken iPhone feels like, trying out iOS 4.3 rofl",christchurch,0
10,2011-03-11T07:34:07.000Z,Thoughts are with Japan #prayforjapan,christchurch,0
11,2011-03-10T08:45:44.000Z,#nowwatching Law Abiding Citizen,christchurch,0
12,2011-03-10T03:14:14.000Z,Omg it basically shows where I live stupid app now ppl can stalk me,christchurch,0
13,2011-03-11T09:05:27.000Z,Forget newspapers. Even news websites seem out of date nowadays. Twitter is where it's at.,christchurch,0
14,2011-03-11T02:14:32.000Z,"Man drives past our work. Pulls over, 2nd man parks next to him, gets out and punches first man several times. #eqnz madness is spreading.",christchurch,0
15,2011-03-11T08:34:13.000Z,We copy or they copy us. I lose count but enough. Barney me come stay with you in wanaka,christchurch,0
32,2011-03-10T09:04:24.000Z,Burt Hummel is an amazing father,christchurch,0
33,2011-03-11T19:02:27.000Z,"Morning world! Great nights sleep! Did I miss anything?  Oh fuck, the sky is falling??!!??  I bet KenR is to blame...",christchurch,0
34,2011-03-11T21:52:31.000Z,I haz little big planet 2!,christchurch,0
35,2011-03-11T01:44:08.000Z,Our building owners left a bag of treats in our apartment for us! Beers n such! #bagoftreats,christchurch,0
0,2011-03-11T14:21:32.000Z,So sick of natural disasters. God help us. #Japan #tsunami #earthquake,nashville,0
1,2011-03-11T18:39:45.000Z,#Gigiscupcakes-Luv ur stuff but ur boxes are less stable than a Jenga tower constructed by drunken apes. Overturned cupcake madness 4 rlz,nashville,0
2,2011-03-10T22:06:40.000Z,A smile can hide anything!,nashville,0
3,2011-03-11T22:59:18.000Z,cant wait to pull out the cargoes next week!!,nashville,0
4,2011-03-11T17:45:43.000Z,IBM estimating Cloud computing to be 7 billion by 2015. Source CIO zone.  IBM in the cloud ? WHAT IS THIS MEAN.  MORE TO COME.,nashville,0
5,2011-03-11T20:00:14.000Z,On campus today is a sense of a cross between retirement home boredom and I Am Legend desertedness. I hope there are no killer dog-humans.,nashville,0
6,2011-03-11T02:06:11.000Z,Shout out to Nashvilles own Ashton Jones for making it as far as she did on american Idol. Give her a hand Nashville!!!,nashville,0
7,2011-03-10T19:45:17.000Z,Enjoying SPRING BREAK!,nashville,0
8,2011-03-10T16:21:19.000Z,Small piece of advice:  Do not use fiskars (children's scissors) to trim your hair. It will only get hung in your hair & rip it out.,nashville,0
9,2011-03-11T01:13:51.000Z,Amendment to previous tweet: I'm also expendable - my position is likely to be cut due to budget shortfall and the nature of my content area,nashville,0
10,2011-03-10T22:30:43.000Z,"For this week only, if you would like to contact me please do so through a facebook message. No texts or calls please. I'm in SPAIN!!",nashville,0
11,2011-03-11T16:18:42.000Z,Good Morning everyone i will be back in a bit but i want to send all my thoughts and prayers to all the people affected by the disaster,nashville,0
12,2011-03-11T21:42:50.000Z,"30 minute phone call that ran the full gamut of stupid, I think he's lying too but that's a personal judgment. Glad that's over with >.<",nashville,0
13,2011-03-10T02:13:42.000Z,"Future #LipscombBisons Malcolm and Martin Smith featured in this week's ""Faces in the Crowd"" of Sports Illustrated",nashville,0
14,2011-03-10T01:51:02.000Z,"Bathrooms in the Wisconsin State Capitol have been locked, protesters in Rotunda, can't establish a pee corner in a round room. #wiunion",nashville,0
15,2011-03-11T21:22:39.000Z,We just received word CBS selected #BelmontMBB as one of their featured schools for the Selection Sunday broadcast. C ya @ the BSLC! #fb,nashville,0
16,2011-03-11T18:54:57.000Z,"Is saddened to hear the stories about what had happened in Japan and what could
still be coming",nashville,0
17,2011-03-10T02:42:55.000Z,Scotty McCreery doesn't need to win. That voice is so recordable. Do a Chris Young song next week. #idol10. Winner winner chicken dinner.,nashville,0
18,2011-03-10T02:53:08.000Z,"Nyema does an interesting version of ""umbrella."" Her and Scotty are very recordable. #idol10",nashville,0
38,2011-03-10T00:34:40.000Z,Cable guy is here to install the premium sports package in my new apt. No more weekends without #NASCAR!,nashville,0
80,2011-03-10T03:56:41.000Z,about to share our most boss video of the #chevysxsw trip... I'm feeling excited for the first time in 11 years,nashville,0
81,2011-03-11T15:14:25.000Z,"Seriously people, prayer ain't gonna do jack except make you feel all pious. You want to help Japan, put your money where your mouth is.",nashville,0
82,2011-03-11T23:16:40.000Z,Oh wow! I just read TAPS is in Oahu. Glad they're okay. Prayers to Japan tsunami & quake victims. #ghosthunters,nashville,0
83,2011-03-11T07:32:11.000Z,Good night tweeps big day tomorrow and i get to go and eat at my favorite greek place Athens downtown nashville YEAH!!!!!,nashville,0
84,2011-03-11T16:36:14.000Z,Why does it seem like CNN is only concerned about the Americans who are in Japan? #prayingforJapan,nashville,0
85,2011-03-10T16:09:16.000Z,Congratulations Vanity Fair for dressing otherwise normal people like fops and ninnies for over 50 years.,nashville,0
86,2011-03-11T13:42:48.000Z,Praying for all those who are facing or about to face tsunamis.  Lord have mercy,nashville,0
87,2011-03-10T06:27:42.000Z,Done for the night...hitting it hard in the AM night night y'all...zzzzzzzzzzzzzz,nashville,0
88,2011-03-11T00:54:50.000Z,"last chance to catch I <3 Roller Derby and Private Matters!   If you purchased anything, feel free to pick it Saturday.",nashville,0
89,2011-03-11T23:15:16.000Z,"Michelle Bachman, Sarah Palin, and Newt Gingrich walk into a bar and run for President...I think that's enough to make it a joke..#oyvey",nashville,0
90,2011-03-11T02:14:10.000Z,No no no no...an able bodied man can NOT let a bag girl at Publix push your cart to your car & put your groceries in your trunk #idonteither,nashville,0
91,2011-03-10T01:41:33.000Z,Still floored and humbled by the idea that God would use a flawed dysfunctional individual like myself! #lovinthisjourney,nashville,0
92,2011-03-11T15:07:46.000Z,Pray not Panic.,nashville,0
93,2011-03-10T17:53:09.000Z,"I don't know if it's the double shot of Aleve or the coat shoved behind my back, but the conference chairs this session are less painful.",nashville,0
115,2011-03-11T20:07:12.000Z,"""And the tongue is a fire, the very world of iniquity; the tongue is set among our members as that which defiles the entire body.."" Js 3:6",nashville,0
116,2011-03-11T23:20:49.000Z,"Aint nothing like a haircut from your personal barber. But im mad I didnt get my ""Gerald LeVert"" cut",nashville,0
117,2011-03-11T22:13:27.000Z,Me and cory are getting pretty for when nikki gets here. :-)  ps this hotel is no joke! Beautiful.,nashville,0
118,2011-03-11T21:44:25.000Z,"RT 
@felicitydale
: There is no room for personal ambition for God's leaders, because God does not share his glory #organicchurch",nashville,0
140,2011-03-10T21:58:31.000Z,Dear matt u cannot party like an 18yo...thanks. love matt,nashville,0
141,2011-03-10T09:47:47.000Z,One of my latest nights in a long time..happy...homemade food. Cheap wine....face mask. Betty white..and a great time before all this...nite,nashville,0
171,2011-03-11T02:25:14.000Z,Carrie Underwood is at this game with us! #knewit,nashville,0
172,2011-03-10T00:29:50.000Z,"I think I will be asked to read tonight...and chances are, if you give a justin a passage, he'll want a message to go with it.",nashville,0
173,2011-03-10T00:55:50.000Z,"What's your fave twitter app on iPhone? Currently not impressed w TweetDeck, too bad cuz I love it at home.",nashville,0
174,2011-03-11T22:46:46.000Z,"Raw sewage spills into a Springfield family's home... it wasn't their fault, so why did they have to pay thousands? Story at 6",nashville,0
175,2011-03-11T14:47:14.000Z,"Off to enjoy the glories of this beautiful rain free day in Nashville.  Stations of the cross, church work, and a wedding.",nashville,0
176,2011-03-11T21:43:46.000Z,I'm so bored wish someone wud come visit or keep me company,nashville,0
177,2011-03-11T16:26:26.000Z,Video shoot is finally underway. I may hook up wit Fresh Boi Ent and shake this one on a Turnt Up Tuesday night!!,nashville,0
178,2011-03-10T02:03:23.000Z,Have enjoyed Nashville. People are really nice but I miss Texas. Headed home tomorrow with some future plans.,nashville,0
179,2011-03-11T00:44:05.000Z,got dragged to see Never Say Never (in 3D no less). Walked away super impressed. I respect that kid now.,nashville,0
180,2011-03-10T20:48:13.000Z,"Left in slippers to friend's bday dinner RT 
@CareDotCom
 Been there! RT @UEArmyWife: Definitely tried to leave the house wearing no (cont…",nashville,0
181,2011-03-11T07:18:43.000Z,I've always wondered what it would be like to have wine and play rummy with Helen Keller....now I know...grin,nashville,0
182,2011-03-10T17:28:57.000Z,"RT 
@BrianCHouston
: Go to Church - Love the Church - Serve at Church - BE the Church. The Church is God & people!",nashville,0
183,2011-03-10T13:56:16.000Z,"“@mfarrell22: Hey everyone! Meredith is on Spring Break and tweeting updates! ""
@meredithdiane
: Sleppe on staiiras. Mountnt evereysyt.""”",nashville,0
184,2011-03-11T17:57:54.000Z,"RT 
@conanobrienswyf
: If I see any photos of the tsunami ""taken with instagram"" I'm going to throw a baby into the sun.",nashville,0
185,2011-03-11T13:48:40.000Z,Its friday you all!!! Salsa night!!! ,nashville,0
186,2011-03-11T23:48:38.000Z,"RT 
@lilduval
 be on the look out 4 ""The Football househusbands"" coming to vh1 this fall<> i wouldnt be surprised",nashville,0
209,2011-03-11T06:07:23.000Z,"RT “
@ryanmeeks
: Grace is inviting to the unrighteous and threatening to the self-righteous -Andy Stanley”",nashville,0
210,2011-03-10T04:43:52.000Z,"I just watched 
@mrLdavis
's latest ""No Couth"" video & the tears are still rolling down my face.",nashville,0
211,2011-03-11T18:40:43.000Z,"RT 
@FrankViola
: Genuine church life is born when groups of people are intoxicated with a glorious unveiling of their Lord.",nashville,0
212,2011-03-11T15:01:26.000Z,"Hopefully my 9 mo old won't realize! RT 
@westendcc235
 Daylight Savings is 
THIS Sunday 
so don't forget to set your clocks FORWARD 1 hr.",nashville,0
263,2011-03-11T00:43:03.000Z,"Be a creative criminal - 
@EdYoung",nashville,0
264,2011-03-11T05:03:43.000Z,"RT 
@thatfunnyjew
: Dear Kirstie Alley  Good luck w/#DWTS. Just remember that the Pasa Doble is NOT a rich Mexican dessert.",nashville,0
265,2011-03-11T22:48:25.000Z,It's beginning to look like the NFL won't even have a 16 game schedule next season.Labor talks have suffered their 19th Nervous Breakdown,nashville,0
266,2011-03-11T23:06:23.000Z,"Its only gon be a lockout thru training camp, season will resume on schedule in September. No Panic",nashville,0
267,2011-03-11T18:35:28.000Z,"Just fed my dogs organic apples, and now headed to Music Row. When did I become a musician?",nashville,0
268,2011-03-11T19:02:48.000Z,I wish someone would go stand in line at the apple store for me. Only til 5. Any takers? I'll buy you dinner & drinks?,nashville,0
269,2011-03-11T22:57:42.000Z,"I've got to ask: Is this really the best time for Mayor Dean to be visiting Japan? I understand he got clearance, but really??",nashville,0
270,2011-03-11T12:12:52.000Z,"Headed to Baltimore MD on 
@therevolvetour
!! Excited for everyone on meet @yarnheart who is with me this weekend!!",nashville,0
271,2011-03-11T22:19:22.000Z,The NFLPA decertified. I de-give a shit.,nashville,0
272,2011-03-11T05:41:51.000Z,Another great day in studio.. 13 hr studio day ..tired but so so happy can not wait to share new music with you all <3,nashville,0
273,2011-03-10T19:23:51.000Z,"WNBA Nashville uses 
@GoodSearch
 to raise money by simply using 
@GoodSearch
 toolbar for internet searches.  What a lot of good they do!",nashville,0
0,2011-03-11T03:29:01.000Z,"Good morning, Beirut, Lebanon! Dawn 05:30, #sunrise 05:55, noon 11:48, #sunset 17:41, dusk 18:06 EET (UTC+2) Mar 11th | daylength 11:46",beirut,0
1,2011-03-11T18:54:42.000Z,Finally my laptop is back :)),beirut,0
2,2011-03-11T14:11:31.000Z,"Got some distant fam in japan :/
Hope they all gd.
#PrayForJapan",beirut,0
3,2011-03-10T13:53:07.000Z,Let's finish what we started.,beirut,0
4,2011-03-11T22:36:48.000Z,on compte sur vous!!,beirut,0
5,2011-03-11T15:45:01.000Z,current weather: partly cloudy — 11°C — 76% humidity — wind 13km/h ENE — pressure 1018mb steady,beirut,0
6,2011-03-11T21:10:19.000Z,I believe i have killed all my brain cells with that wacky tobaky.,beirut,0
7,2011-03-11T19:25:48.000Z,partly cloudy -> 30% chance of drizzle — temperature up 11°C -> 12°C — humidity down 76% -> 71% — wind 13km/h ENE -> 5km/h NNE,beirut,0
8,2011-03-11T21:50:38.000Z,30% chance of drizzle -> mostly cloudy — wind 5km/h NNE -> 0km/h,beirut,0
9,2011-03-10T20:31:31.000Z,"there's nothing like a good old friend 
@awabuki77",beirut,0
10,2011-03-10T20:45:28.000Z,I am oun CHIEN andalousian !,beirut,0
11,2011-03-11T08:27:24.000Z,In Beirut.,beirut,0
12,2011-03-11T14:37:59.000Z,"Sometimes the ugliest things take the longest times to make, and some of the easiest habits are the hardest ones to break.",beirut,0
13,2011-03-11T09:29:31.000Z,"Yes I think the pad was 102! Cool! 
@octavianasr
: 
@sdkaaa
 Any time Bernard.. 102 ghalyeh!! Hey 
@ebyking
 @Nadiml
 @FunkyOzzi",beirut,0
0,2011-03-11T18:44:28.000Z,Praying for #Japan and all the islands especially Nicaragua and Hawaii. I have family in all 3 places!,atlanta,0
1,2011-03-11T20:16:03.000Z,i got sew-in special 4 $100 book ur appt. now @ 404-951-3981 ask for ki-ki,atlanta,0
2,2011-03-11T23:21:54.000Z,We need a beach in Atlanta,atlanta,0
3,2011-03-11T21:31:45.000Z,"Been doing a lot of volunteer wrk with Red Cross for Midtown Atlanta Ga,,,  it's really helping with my esteem since I've been unemployed",atlanta,0
4,2011-03-11T16:01:33.000Z,Disasters like these make the little things count so much more. Keep those in japan in your prayers,atlanta,0
5,2011-03-11T20:32:53.000Z,Goin to this club called #Obsessions tonight . They said Megan Good supposed to be hostin it . Show me a good time Atlanta....,atlanta,0
6,2011-03-11T18:17:51.000Z,You should never make someone a priority who see's you as optional........,atlanta,0
7,2011-03-11T19:05:03.000Z,Hurricane Katrina:Y is this trending wow no Disrespect but they had Dayz of warnings these folks in Japan had 1 sec to get the fuck on #Sad,atlanta,0
8,2011-03-11T23:45:10.000Z,"There should be a ""flag as inappropriate"" button for TTs like Godzilla during these times..",atlanta,0
9,2011-03-11T14:41:51.000Z,I love #Loud,atlanta,0
10,2011-03-11T20:03:05.000Z,Shut the fuck up.,atlanta,0
11,2011-03-11T16:57:13.000Z,"For instance, I want to see the tooling that can be built around alternative VMs. Profilers, heap analyzers, better debuggers #pycon",atlanta,0
12,2011-03-11T19:19:54.000Z,"Yo after 9th grade you should not be wearing BabyPhat Jeans,Baby Girl, or none of the other bull shyt",atlanta,0
13,2011-03-11T23:53:15.000Z,"Kobe determined to win another championship, while El Heat, went home he in they arena, shooting jumpers for hours and what not",atlanta,0
14,2011-03-11T21:20:52.000Z,"Been Getting 
@iamjacquees
 Tweets All Day. #MobileNotifications. #Fan.",atlanta,0
15,2011-03-11T03:11:07.000Z,seems like @joe_rush45 tweets all my thoughts for me!,atlanta,0
16,2011-03-11T20:57:01.000Z,"sKrimps!!!!! @YaBoy_Breeze: Time to eat. I'm feelin like... Shrimps!""",atlanta,0
17,2011-03-11T14:55:12.000Z,"Heading to 
@GlamBarSalon
 ....I don't play about my hair",atlanta,0
18,2011-03-11T19:03:07.000Z,"Historic quake horrific damage 
@japan",atlanta,0
19,2011-03-11T22:03:27.000Z,About to receive my certificate for completing Certified Investor Agent Specialist program. Who wants to gain wealth thru real estate? #CDPE,atlanta,0
57,2011-03-11T22:48:53.000Z,"Trying to raise $2,500 over the weekend for Japan- text REDCROSS to 90999 to donate $10. #pycon #pyconcares",atlanta,0
58,2011-03-11T16:53:26.000Z,#PyCon needs an AR app that tells you a person's twitter username when you point your phone at them.,atlanta,0
59,2011-03-11T13:19:58.000Z,In ATL airport heading to the front lines of the world's largest Power Outlet Battle Royal #SXSW,atlanta,0
60,2011-03-11T23:56:15.000Z,"By the way, all the free beer in suite 1906 at 8PM is locally brewed! Come by! #pycon #qhire",atlanta,0
61,2011-03-11T22:18:02.000Z,"We had gotten in early, so my mad dash wasn't necessary. Safely aboard the LAX flight. #fb",atlanta,0
62,2011-03-11T18:38:12.000Z,"RT 
@DonCooper
: Just because someone else’s beliefs are different than yours, doesn’t mean theirs are wrong. #JustSayin #SalesHeretic",atlanta,0
63,2011-03-11T02:05:58.000Z,I just had one of the most amazing chicken sandwiches ever in my life from chik-fil-a!!!! I thought I was in heaven. #itgotrealforaminute,atlanta,0
64,2011-03-11T23:46:01.000Z,"""if you’re not comfortable with something and you feel like you can tweak some things, you’ve got to work on them."" -Kobe Bryant",atlanta,0
65,2011-03-11T18:44:12.000Z,It's so a Malibu night with @chasing_brandon  #DramaFridays,atlanta,0
88,2011-03-11T14:33:27.000Z,If you all don't believe God is not pleased and this world is not going to end soon you are fooling yourselves. #prayforjapan,atlanta,0
89,2011-03-11T14:00:31.000Z,#Tsunami. Our thoughts are with those affected by the natural disasters in the Pacific and here at home in the States.,atlanta,0
90,2011-03-11T19:23:34.000Z,"I find it ironic that my tweet about the world's oldest person went viral, but my tweet about Atlanta being social media savvy didn't.",atlanta,0
91,2011-03-11T20:57:37.000Z,Sitting amongst a sea of Kentucky fans right now as they cheer on the Cats. I feel terribly conflicted and kind of dirty. Like I need a bath,atlanta,0
113,2011-03-11T21:11:08.000Z,"Since when did the geisha house close? Now gotta find another restaurant in downtown for my dads birthday tomorrow, any suggestions?",atlanta,0
114,2011-03-10T11:01:55.000Z,Headed to Jacksonville to leave for my first cruise! I'll probably puke!,atlanta,0
115,2011-03-11T14:37:49.000Z,Just getting info on Japan. My heart aches for the losses experienced by the people there and their loved ones across the world.,atlanta,0
116,2011-03-11T11:50:35.000Z,#Tsunami expected to reach #Hawaii by 3a local time.  U.S. West coast by 7a PT. U.S. ships at Pearl Harbor will remain in port.,atlanta,0
117,2011-03-11T22:42:41.000Z,"Gave a ""literary luncheon"" talk at the Boothbay library today. Told 'em all about the spectre moose! Nobody fell asleep. That I noticed.",atlanta,0
140,2011-03-11T19:19:55.000Z,"ATTN Universe: ""a couple"" means exactly two. When one uses this phrase, the follow-up question is not ""how many?"" That is all. #CommonSense",atlanta,0
141,2011-03-11T23:12:20.000Z,"Why Do They Put Money Into Those Commercials Telling Us To Donate ?
Why Not Use That Money & Donate ? Lol",atlanta,0
176,2011-03-11T15:37:52.000Z,Its cold af,atlanta,0
177,2011-03-11T20:20:22.000Z,"My thoughts and prayers are with those in Japan, New Zealand, and other Pacific islands affected by the earthquake.",atlanta,0
178,2011-03-11T03:53:49.000Z,I hate when I gotta pee but i`m too lazy to get up or i`m too busy in the middle of somethin` to stop & release :(,atlanta,0
179,2011-03-11T19:50:45.000Z,Take this time 2 tell ppl closest 2 u u love them. Let go of old grudges & stop livin n da past. Just b n the here & now. Much love 2 u all.,atlanta,0
180,2011-03-11T11:30:30.000Z,Another day in the studio with the best cast in the world!!! The Steve Harvey Project will have u in tears on ya way 2 work...tune in..,atlanta,0
181,2011-03-11T21:59:21.000Z,"Chile and Easter Island on high tsunami alert! Brace yourselves, hermanos! Reports say its gona come in strong!",atlanta,0
182,2011-03-11T18:39:33.000Z,Painting my nails on my layover.. Sorry for the fumes gate C55!,atlanta,0
183,2011-03-11T11:38:03.000Z,"Just got a text from a friend in Hawaii - they gassed up the car, left their evacuation zone and are anxiously hoping for no wave (8am ET).",atlanta,0
184,2011-03-11T16:55:14.000Z,At the Python VM panel. I want to believe alternate VMs are about more than just benchmarks. Question do not agree with me #pycon,atlanta,0
185,2011-03-11T20:46:56.000Z,Just tried to grab the OFWGKTA Billboard mag on my lunch break and it was all sold the F out!,atlanta,0
186,2011-03-11T22:23:48.000Z,"""
@BeatSkeetDelete
: What's the move tonight ATL?""",atlanta,0
208,2011-03-10T02:52:40.000Z,is headed outta country w/ the girl on his 1st cruise! back on da 14th! LEAVE A MESSAGE AFTER THE BEEP & I'LL GET BACK 2 U AS SOON AS I CAN!,atlanta,0
209,2011-03-11T21:26:57.000Z,Closing went great! Sweet couple picked a great weekend to move in-And my work here is done... xx,atlanta,0
210,2011-03-11T21:57:52.000Z,COWORKERS TAKEOVER! Atlanta comedyfestival tonite and tomorrow @ Apache Cafe. Hosted by Zoomam Miller. Karlous Miller headlining,atlanta,0
211,2011-03-11T22:13:34.000Z,"My Marvin II turns 11 tomorrow and he is just as tall as I am ,WOW.... what a blessing having him play drums each week with..",atlanta,0
233,2011-03-11T15:27:45.000Z,"""Doing business without advertising is like winking at a girl in the dark:You know what you are doing but no-body else does"" Ed Howe",atlanta,0
234,2011-03-11T16:42:36.000Z,Least shocking event of the day - WorldNetDaily pushing all it's doomsday prophecy products.,atlanta,0
235,2011-03-11T11:23:51.000Z,Japan hit by 8.9 earthquake. Tsunami warnings extend to U.S. west coast. Epicenter 231 miles from Tokyo.,atlanta,0
236,2011-03-11T22:05:32.000Z,"Ouch Union decertifies, NFL in much more jeopardy than ever in this process",atlanta,0
258,2011-03-11T12:29:39.000Z,"Which entrepreneurs are #notgoingtosxsw ? Since they're going to have some time, will to send an invite to check out #mokabla for feedback.",atlanta,0
289,2011-03-11T16:20:00.000Z,"Enjoying #pycon so far! I thought 
@ryanpetrello
 did an awesome job in his Celery talk. Also, job seekers come to suite 1906 at 8PM! #Qhire",atlanta,0
290,2011-03-10T01:13:31.000Z,"It's weird how much I enjoy reading the 
@DecaturCD
 newsletter. I hate newsletters! I always read theirs and love it!",atlanta,0
291,2011-03-11T21:07:22.000Z,"Big win today! The guys never stopped fighting! Next up, the winner of Kentucky vs. Ole Miss! Roll Tide!",atlanta,0
292,2011-03-11T09:00:12.000Z,I dont think im unapproachable >>>>,atlanta,0
293,2011-03-11T21:31:28.000Z,"This is my 8000th tweet. I feel like I should dedicate it to someone. I choose The Late Author, Douglas Adams.",atlanta,0
294,2011-03-11T22:32:57.000Z,Each day does get better. We win the battles we can today. What might have seemed like losses yesterday lead to victories today.,atlanta,0
295,2011-03-11T13:32:25.000Z,"whats good 
@grindstaratl
 @zitzero
 @therealbadd
 @djmlk
 @imarcatl 
@rayhanandres
 @krazyrae
 @belle_beaute
 @mrbeatboykam
 @kexmonrow 
@bemagazine",atlanta,0
296,2011-03-11T17:31:55.000Z,Either Grady High is out early today or the 50 kids getting Woody's right now are betting on the truancy officer not showing up today!,atlanta,0
297,2011-03-11T12:17:33.000Z,"A is pretending to be Motherboard, the general purpose AI character from the PBS series Cyberchase.",atlanta,0
298,2011-03-11T17:59:33.000Z,"Crimson Chaos is at the 
@GeorgiaDome
! Let's pull out a win today! Roll Tide!",atlanta,0
299,2011-03-11T19:16:33.000Z,"Agreed! I want to go. I need to try 5 & 10! RT 
@LindsayOAtlanta
 It is completely unacceptable that you have not visited Athens.",atlanta,0
300,2011-03-11T05:37:05.000Z,"Wow....that mr. orange is a good strategian....with the $0 last report lulled other cands to sleep now 150k+ 
@kcivey
 @mikedebonis
 @dougsloan",atlanta,0
0,2011-03-11T23:59:54.000Z,I wish I could watch #Temple in the #A-10 quarterfinals tonite.... LET'S GO TU!!! #owls,fukishama,1
1,2011-03-11T23:59:50.000Z,"track wss hilarious today , S/O too those whoo aint come ; yall missed out : )",fukishama,1
2,2011-03-11T23:59:56.000Z,"Tee, Lexix, & Kira; just like old timesss #AWWW",fukishama,1
3,2011-03-11T23:59:55.000Z,#FuckYouMean Young Money weak,fukishama,1
4,2011-03-11T23:59:59.000Z,"All I'm sayin is, if u think Waka is a GOOD rapper, we prolly don't have a lot in common",fukishama,1
5,2011-03-11T23:59:54.000Z,Too sober :( nat good,fukishama,1
6,2011-03-11T23:59:58.000Z,When u want me you knw where to find me ...,fukishama,1
7,2011-03-11T23:59:58.000Z,"need friends #followback ! #500aday #1000aday
#300aday #200aday #teamfollowback",fukishama,1
8,2011-03-11T23:59:58.000Z,#prayforjapan cause the effects of this is going to hit the global economy and hurt everyone!,fukishama,1
9,2011-03-11T23:59:52.000Z,"20h55 - 810,495 followers // 20h56 - 810,535 followers // 20h58 - 810,551 followers // 21h00 - 810,603 followers 
@dulcemaria",fukishama,1
10,2011-03-11T23:59:51.000Z,I Pray For Denesiaaa Cousin-In-Laws :( Lol,fukishama,1
11,2011-03-11T23:59:55.000Z,woke up this morning with red fingertips.... flamin' hot cheetos r tha fkn best....,fukishama,1
12,2011-03-11T23:59:54.000Z,The thoughts that's in my head..,fukishama,1
13,2011-03-11T23:59:53.000Z,- HAHA I hate when a Female Txt Me Tellin' Me How She Single Now . IDGAF #EPIC,fukishama,1
14,2011-03-11T23:59:59.000Z,"Sigam : 
@SempreThomas_",fukishama,1
15,2011-03-11T23:59:59.000Z,"Did you know that The Acacia Strain is actually an anagram of ""Wanky wanky shite shite"" ?",fukishama,1
16,2011-03-11T23:59:52.000Z,RT if you can't wait till 'That Should Be Me' music video :),fukishama,1
17,2011-03-11T23:59:54.000Z,"☼ Winning isn't everything, it's the only thing. Vince Lombardi #quote",fukishama,1
18,2011-03-11T23:59:55.000Z,"I'm in the hood, you can get smoked if you think you're dope!",fukishama,1
19,2011-03-11T23:59:54.000Z,"RT 
@AncientProverbs
: A heart in love with beauty never grows old. -Turkish Proverb",fukishama,1
57,2011-03-11T23:59:53.000Z,"TUNE IN: 
@landondonovan
 will be on Mason & Ireland on 
@710ESPN
 at 4pm. #lagalaxy",fukishama,1
58,2011-03-11T23:59:52.000Z,Strong theory but wonder why Sharma is choosing to call the whole era postcolonial when for much of the time it was still colonial? #cesa11,fukishama,1
59,2011-03-11T23:59:57.000Z,"Hehe, we're talking about jailbreaking. Everyone in line is jailbroken, except for one douchebag.",fukishama,1
60,2011-03-11T23:59:56.000Z,"The morning after Japan was struck by the most powerful earthquake in history, its massive impact is only beginning to be revealed. #cnn",fukishama,1
61,2011-03-11T23:59:54.000Z,Breaks my heart watching news seeing the scenes from Japan. All of my thoughts are with them! Cnt imagine what theyr goin thru #pray4them x,fukishama,1
62,2011-03-11T23:59:59.000Z,And finally got done with planning C's B-day for tomorrow night...We will have a blast! #lifeisgreat if u have great family and friends...,fukishama,1
63,2011-03-11T23:59:50.000Z,not realizing that an artist you adore is standing right near you -__- then shrieking like a lil monkey when you do :D #concertweirdos,fukishama,1
64,2011-03-11T23:59:54.000Z,I still see how much Justin really dislikes the papz... all those videos from his birthday... this ugy like chasing him saying drive safely?,fukishama,1
65,2011-03-11T23:59:56.000Z,"Sera one-two in Clubman Light at #vicopen Places reversed from L/Light, James wins from David.  Hays third Nicoloau fourth #fb",fukishama,1
88,2011-03-11T23:59:57.000Z,"First @jhopewood and 
@NicoleWilson
 got tweeted by 
@kellanlutz
, and now 
@jadakinns
 has been tweeted by 
@gilbirmingham
!  My sisters are awsome",fukishama,1
89,2011-03-11T23:59:55.000Z,"#Follow 
@BUCK50ENTPROMO
 @BUCK50ENT
 @TOPPROMOTRAIN @OSMURK @DIYRYAN 
@WAISTDEEPPROMO
 WE ALWAYS FOLLOW BACK!! #TAF #TFB #FB",fukishama,1
90,2011-03-11T23:59:55.000Z,"#Libya's tragic warlord #Kadhafi has nothing to gain, everything to lose now. Take #Euro's option. Exile w/ nurses. Or Saddam's double play.",fukishama,1
91,2011-03-11T23:59:49.000Z,Stories win people more powerfully than facts.,fukishama,1
113,2011-03-11T23:59:54.000Z,"RT 
@AliasAngel
: If you cannot do great things, do small things in a great way. - Napoleon Hill #quote",fukishama,1
114,2011-03-11T23:59:57.000Z,"RT 
@j_milteer
 RT 
@slimm21
: i leave queesh for 1 second an when i come back the treadmill is broke lol <> lmfao",fukishama,1
115,2011-03-11T23:59:56.000Z,"Richard Jefferson is out for tonight's game due to ""personal reasons"". (News via 
@JMcDonald_SAEN
) #GoSpursGo",fukishama,1
116,2011-03-11T23:59:57.000Z,"Showing a wire-frame helps separate gameplay from graphics, emphasizing what the player DOES. It's also nice to peek behind the curtain.",fukishama,1
137,2011-03-11T23:59:53.000Z,I think I've been sacking off because of the state my room is in. I haven't given it a good cleaning in a while. Looks like today's the day!,fukishama,1
138,2011-03-11T23:59:50.000Z,I don't tink ppl always realise that artists work ther arses off to make a album for ppl 2 just bootleg make sure u go buy music,fukishama,1
139,2011-03-11T23:59:59.000Z,I met this lady today and man she was so informative. I love hearing back in the day stories! I meet so many interesting people daily.,fukishama,1
174,2011-03-11T23:59:52.000Z,"RT 
@shioyama
: announcement from gov't coming up #jpquake",fukishama,1
175,2011-03-11T23:59:59.000Z,"special shout out 2 my best m8 
@ashesonmars",fukishama,1
176,2011-03-11T23:59:59.000Z,"No.6 Tewksbury eliminates No.4 Saugus, 3-1, to take the Division 2 North Championship",fukishama,1
177,2011-03-11T23:59:58.000Z,"""Are you guys expecting?"" the carpenter asked. ""The stork is here.""",fukishama,1
178,2011-03-11T23:59:52.000Z,"LibyaTV anchor, Hala: To hell with anyone who acknowledges the Interim Council. The Libyan people didn't acknowledge it. #Libya #Feb17",fukishama,1
179,2011-03-11T23:59:53.000Z,"RT 
@ihatequotes
: Life is not always about what you want. What you want isn’t always what you need. Stay in order, needs before wants!",fukishama,1
180,2011-03-11T23:59:59.000Z,Eating chocolate makes you happy because it contains PHENYLEPHYLAMINE The same hormone the brain triggers when you fall in love... ,fukishama,1
181,2011-03-11T23:59:52.000Z,"Market is shaping up for spring. Might need to bring my own cloth bags down tomorrow & shop :) , oh & of course plants galore calling me!",fukishama,1
182,2011-03-11T23:59:59.000Z,"I go through a lot of ups and downs with my family and friends, but God has really blessed me with amazing people in my life!",fukishama,1
183,2011-03-11T23:59:54.000Z,Don't know how long the battery on my phone will hold out.Having an impromptu sleepover at the hospital with sis and didnt bring my charger.,fukishama,1
184,2011-03-11T23:59:59.000Z,"Sammy just asked me if bacon counts as a vegetable-ha! a girl after my own heart. on that note, TGIF and eat bacon!",fukishama,1
206,2011-03-11T23:59:58.000Z,Foreigners (to USA) should definitely NOT buy locked US 3G iPad2 units as there is no way to remove/replace the AT&T microSIM,fukishama,1
207,2011-03-11T23:59:51.000Z,i should unfollow and delete everybody that goes to cary off my shit .,fukishama,1
208,2011-03-11T23:59:59.000Z,"Wow that's something to pay attention to~~>RT 
@Blogzworth
: RT 
@Sean_Anthony
: NY 9/11, Haiti 1/11, Chile 2/11, Japan 3/11 <<< WOW",fukishama,1
209,2011-03-11T23:59:56.000Z,"Q: are you sure your ready to take such a monumental step?
A: the main reason ii buy such expensive shoes iis to take monumental steps...",fukishama,1
231,2011-03-11T23:59:51.000Z,"My prayers are with the Wichard family as they have lost a great father, husband, and friend today.  I will never forget all the things...",fukishama,1
232,2011-03-11T23:59:56.000Z,Irony: Network producer snapping at all to not make noise while he does interview. Then HIS cellphone rings loudly + he has to start over!,fukishama,1
233,2011-03-11T23:59:56.000Z,Settling in at Millesime. The former Country space is still lovely but in a different way.,fukishama,1
234,2011-03-11T23:59:59.000Z,iPad 2 bought. 64gb black with Blue Smart Cover case. Now in Washington and winging it's way back either tomorrow morning or Sunday.,fukishama,1
256,2011-03-11T23:59:52.000Z,Now that was one heck of a Fantastic show!! Couldnt have done it without u guys. Nuthin but love. the weekend is now officially OOONNNNN!!,fukishama,1
287,2011-03-11T23:59:58.000Z,My Past Changed My Life... Now My Present Has Changed My Future. I Know What's Going On!!!,fukishama,1
288,2011-03-11T23:59:56.000Z,"U ignored me. I jux weak bt ahh well da power of a woman. I neva bore RT 
@Yellow_Skittle
: @Eddy_HappyguySF heyyyyy Eddy.... Sowiiii hun",fukishama,1
289,2011-03-11T23:59:58.000Z,Life's too short to not smoke WEED,fukishama,1
290,2011-03-11T23:59:59.000Z,"Many thanks 
@ccath
 for the tixx to the MAC & Estee Lauder makeup sale tmr! Proof that there is still kindness & generosity in this world :)",fukishama,1
291,2011-03-11T23:59:56.000Z,"RT 
@_JewELLE_
: Soooo me and my boss are having a convo about how weed makes u very relaxed and its good for yur health......»My kinda boss!",fukishama,1
292,2011-03-11T23:59:59.000Z,"Listening to Pearl Jam's Ten from 1991. I used to own this on cassette back in the day, now rocking it from my @rdio collection.",fukishama,1
293,2011-03-11T23:59:56.000Z,"Hey 
@AsVinnyCsIt
 ! I just saw we are going to be working together starting next week....the new writing project. That is awesome!",fukishama,1
294,2011-03-11T23:59:51.000Z,"follow them 
@stace_lo
 @TEAMFOLLOWGANG
 @Secret_Darkstar 
@TE4M_FOLLOWBACK
 @jayhussey
 @elly_amoedy 
@ROCKBETHENAME
 @LilPino24
 follow back",fukishama,1
295,2011-03-11T23:59:51.000Z,"I really do love 
@boytoyjesse
. Listening to u right now as I navigate the busy streets of hollywood!",fukishama,1
296,2011-03-11T23:59:58.000Z,"WOW! RT 
@lilduval
: Players bout to really see how these hoes are. that chariot bout turn into a pumpkin.",fukishama,1
297,2011-03-11T23:59:56.000Z,A very nice fan recognized me in the front of the ipad line and is getting me one now.  Cool !,fukishama,1
298,2011-03-11T23:59:55.000Z,"via 
@Chris_Dowsett
 RT @natemaggio Hey guys, just got back from Japan... they are STOKED about all those prayers. Totally fixing everything.",fukishama,1
320,2011-03-11T23:59:54.000Z,So ur jokin at their disaster? RT @AznChynadoll: @chineyIee that would be funny if they laughed at us in return,fukishama,1
321,2011-03-11T23:59:52.000Z,"(disclaimer: yes, I do know all Americans don't think like that / in the minority etc etc)",fukishama,1
322,2011-03-11T23:59:56.000Z,"""
@LeSnackSportif
: And I found 
@craigmelvin
 *fist pump*  #byeeeee"" u weren't looking very hard =)  what's up?",fukishama,1
323,2011-03-11T23:59:59.000Z,It is at those times that we see our ability to truly love one another.,fukishama,1
344,2011-03-11T23:59:50.000Z,"PING Pros 
@HunterMahan
 and Chris Tidland stand atop their leader boards heading into the weekend. Great job & play your best gentlemen!!",fukishama,1
345,2011-03-11T23:59:50.000Z,#Singularity ok this is stretching it a bit now - uploading your entire life to the cloud isn't really immortality,fukishama,1
346,2011-03-11T23:59:56.000Z,"The Prime Minister of Kazakhstan has joined Twitter: 
@KarimMassimov",fukishama,1
347,2011-03-11T23:59:55.000Z,#WearAbleArt !! ... BE YOUR OWN ARTIST!,fukishama,1
384,2011-03-11T23:59:55.000Z,"(Context is that in other countries struggling with democracy, politics is often economics too. Protesters ask for jobs.) 
@cshirky
 #SXSWi",fukishama,1
385,2011-03-11T23:59:51.000Z,"Have fun & tell us about your ride later! ^AS RT @ARedLetterDayWeekend 2 of 
@capmetrorail
 evening service ... Headed downtown!",fukishama,1
386,2011-03-11T23:59:52.000Z,Why are the Student Sections at @CFH_Events up in the nosebleeds? That defeats the purpose of having a college tourney!,fukishama,1
387,2011-03-11T23:59:51.000Z,"Gud meetin u too! RT 
@s_dey
: Mad fun wiv the fam.. U guys are great.. Was gud to finally meet you 
@DjKessGh
. Lol.",fukishama,1
388,2011-03-11T23:59:50.000Z,"RT 
@RyoTheCrook
: i cant lie, im a hood nigga, but deep down im a good nigga!",fukishama,1
389,2011-03-11T23:59:55.000Z,"No Idea, how about it 
@skype
 RT 
@artofthespa
: 
@Modenus
 @BeehiveBlog
 oh Skype goddesses, can one record a Skype call in mp3 format?",fukishama,1
390,2011-03-11T23:59:52.000Z,"Ok be honest, which are you going to do first: plug your iPad 2 into iTunes? Or play with the magnetic Smart Cover for a half hour?",fukishama,1
391,2011-03-11T23:59:56.000Z,That leaves Morales as fav for backup catcher's job with Pagnozzi and McKenry in mix... Moeller will try to catch on elsewhere,fukishama,1
392,2011-03-11T23:59:50.000Z,"Japan early sept for six months! RT @GotDaTInnerG: where you goin?! RT 
@joycewrice
 Damnn 140$ to renew my passport   -_-",fukishama,1
414,2011-03-11T23:59:49.000Z,1903. follower @ orcunaydin,fukishama,1
415,2011-03-11T23:59:53.000Z,"OMG RT 
@mletzmann
: USGS ""Earth's axis has shifted 10 inches as a result of the quake. Japan's coastline has permanently shifted 2.4 meters.""",fukishama,1
416,2011-03-11T23:59:52.000Z,"shoutout to ALL the 
@SEA_Awards
 winners! I'm blessed to have won my 1st time being nominated, i wont keep that streak, i'm sure LOL",fukishama,1
0,2011-03-11T21:58:03.000Z,What's transferable when building a mobile app? Brand & data. Everything else should be reconsidered. #sxswmobileapps #SXSWi,austin,0
1,2011-03-11T23:36:03.000Z,Third era of google logos = an interactive play space. Get ready. #GoogleDoodle #sxsw #gsdm,austin,0
2,2011-03-11T22:20:13.000Z,"My team programming here at sxsw & Jake Gyllenhaal walked up and said ""is that the SOURCE CODE?!""  not even joking this actually happened!",austin,0
3,2011-03-11T14:17:56.000Z,"It's here!!! #SXSW generates $113M and brings 200,000 people to #ATX, let's have some fun!!",austin,0
4,2011-03-11T23:13:37.000Z,The most simple idea can be the most interesting & effective. Over ten yrs and we still love them. #googledoodle #sxsw #Gsdm,austin,0
5,2011-03-11T20:37:59.000Z,#sxsw #gamechanging love my fellow Decemberists in the Heat game!,austin,0
6,2011-03-11T21:57:48.000Z,Consumer want to spend wiser not faster #sxsw #thinisin,austin,0
7,2011-03-11T20:52:20.000Z,"#gamechanging #sxsw ""Teams allow people in the world of collaborative, cooperative games to engage with the experience.""",austin,0
8,2011-03-10T22:40:31.000Z,Google's doing deals on top of check-ins for SXSW #fmsignal,austin,0
9,2011-03-11T21:18:47.000Z,"Dear everyone at #sxsw,
Put the free drink card in between the front and back of your badge so people can read who you are.",austin,0
10,2011-03-11T00:36:33.000Z,"Celebrating the third anniversary and birthplace of the #daniellindsleyrocksdahouse meme. 

Because he still does. 

Because he always will.",austin,0
11,2011-03-11T23:31:55.000Z,"Marketing is romance, advertising is porn, content is the sex, #contentstrategy is the relationship. #notmyjob",austin,0
12,2011-03-11T23:52:29.000Z,Farmers are independent so they tend to not want their data shared. Many would share with everyone but their neighbors #mobilefarm #agchat,austin,0
13,2011-03-11T17:34:40.000Z,"I hate it when Zynga refers to its products as #games - about the only thing I can call those things are ""work alternatives"".  #gameDev",austin,0
14,2011-03-11T19:44:22.000Z,"Kicking off #sxswi with panel moderated by Russell Dubner on ""Lessons Learned from the Arab Spring Revolutions."" #Edelman",austin,0
15,2011-03-11T21:21:26.000Z,To my followers: I'm at #SXSWi - I apologize in advance for the flood of nerdy stuff that I will tweet about over the next 5 days. #warning,austin,0
16,2011-03-11T21:02:35.000Z,just got a demo of a second screen app for disney's tron. this is the future!,austin,0
17,2011-03-11T21:08:45.000Z,Attending Do Agencies Need to Think Like Software Companies? Interested in AKQA? We can talk afterwards. lionel.carreon@akqa.com,austin,0
36,2011-03-11T22:25:20.000Z,Easy to see why clients and creatives want to work with Rick Webb. #sxsw,austin,0
37,2011-03-11T20:20:10.000Z,".
@netik
 suggesting you don't check in every 5 minutes. woops! #sxsw #dbag",austin,0
69,2011-03-11T17:25:34.000Z,Rumor has it House Public Safety is scheduling a hearing for guns on campus over spring break so students won't come. #txlege #hb750,austin,0
70,2011-03-11T23:56:09.000Z,Advertising creatives could learn a lot just by doing problem solving exercises from a user experience perspective.,austin,0
71,2011-03-11T23:22:34.000Z,"""When it comes to SMS and messaging...I don't really want that Zucked with..."" - 
@smartocci
#WhoWillRise",austin,0
72,2011-03-11T21:45:37.000Z,"Uma das palestras que estamos mais curiosas pra ver: Why everything is amazing but nobody is happy com 
@danielhope
 #sxsw11",austin,0
73,2011-03-11T20:38:46.000Z,"""NASA's not closing up shop even though the shuttle program is coming to an end."" Great thoughts from 
@schierholz
. #nasatweetup # sxswi",austin,0
74,2011-03-11T22:11:17.000Z,"Marissa takes complaints and concerns really well. Customer is always right attitude is so humble, authentic, kind. #sxswi",austin,0
75,2011-03-11T17:40:35.000Z,"Had a crazy 
@hurricaneparty
 last night, and woke up to find an article about Hurricane Party on the front page of 
@nytimes
 business section!",austin,0
76,2011-03-10T23:15:43.000Z,"Tony Hsieh: Whatever you're thinking, think bigger. Does the vision have meaning? Chase the vision, not the money. #sbs2011",austin,0
77,2011-03-11T19:54:07.000Z,"Official SXSWi schedule is awful, use 
@LanyrdSXSW
 instead",austin,0
78,2011-03-10T23:31:09.000Z,"Tony Hsieh: 4 aspects of happiness: Perceived control, perceived progress, connectedness, being part of something bigger than you. #sbs2011",austin,0
79,2011-03-11T21:36:40.000Z,12% of the web is powered by #wordpress .. that's pretty amazing actually #SXSW,austin,0
101,2011-03-11T22:28:32.000Z,"I totally agree with 
@D0kk
; Iceland's finest music invades SXSW 2011 - BloodGroup, Dikta and FM Belfast - see 'em if you can #SXSW #reboot?",austin,0
102,2011-03-11T02:34:59.000Z,"The #tsma venue (ACL Live) is incredible! If you can't come to awards, come to concert w/ @quieycompanytx & @wersternmotto at 9:30pm",austin,0
103,2011-03-11T17:34:31.000Z,How are you getting around downtown #Austin during #SXSW? I'm interviewing people on mobility related issues. Get @ me if interested!,austin,0
104,2011-03-11T23:08:24.000Z,Having fun session at Breaking Taboos: Pros Get Real About Money Matters at SXSW. #SXSW #Taboo$,austin,0
125,2011-03-11T20:44:45.000Z,"#FF 
@DryerBuzz
 for relevant news updates.",austin,0
126,2011-03-11T21:31:21.000Z,"I think agencies MUST think & act like software companies and try to run 
@LikeableMedia
 like one. #agileagency",austin,0
127,2011-03-11T23:42:16.000Z,"My post from 2007 on a massively centralized point of failure in Twitter, today's announcement shows they can be the source of that failure.",austin,0
128,2011-03-11T16:22:55.000Z,I apologize in advance for my #SXSW tweets over next few days to those who aren't interested in tech or music. Tweeting for #sxtxstate,austin,0
129,2011-03-11T21:42:29.000Z,"Party tomorrow 
@nomadbar
: Saturday,celebrating Nomad's 3 years! Free beer, food & plenty of free swag to go around!! Starts at 2pm!
Cya!?",austin,0
181,2011-03-11T21:36:32.000Z,"I feel very zombie right now. 

Except that I have no current desire to eat brains. It's only 3:30pm though, so things could change.",austin,0
182,2011-03-11T23:44:27.000Z,Seems like the state of the art of #gamesuserresearch is just usability testing #sxswi,austin,0
183,2011-03-11T09:12:09.000Z,"thanks! wow! RT 
@OmniHotels
: 
@af
 Sorry to hear you are not feeling well. If there is anything you need during your stay, please let us know.",austin,0
184,2011-03-11T20:38:57.000Z,"Ballroom A for 
@photomatt
's interview with John Batelle. Going to be good!  Get there! #sxsw",austin,0
185,2011-03-11T16:17:59.000Z,"My president is black, so is my iPad 2, and I'll be god damned if my leather smart cover's not blue.",austin,0
186,2011-03-11T03:37:48.000Z,"I will be at 
@gdgt
 event at #sxswi Monday.  Handing out dev phones for best #wp7dev apps.  Come show em off!",austin,0
187,2011-03-11T23:04:38.000Z,"Japan earthquake/tsunami news is deeply affecting my mood today. Sunny, surrounded by friends, but still...",austin,0
188,2011-03-11T20:53:46.000Z,"""Social is what adds the magic sprinkles to other game dynamics"" -
@busterbenson
 on motivating people #SXSW",austin,0
189,2011-03-11T22:17:31.000Z,In Austin TX headed to the Apple popup store at Congress and 6th,austin,0
190,2011-03-11T21:46:01.000Z,"I tweet one thing about @IE and my Twitter iPhone app crashes. I mean, you draw your own conclusions, guys.",austin,0
191,2011-03-11T22:05:06.000Z,"Campaigns are for products, platforms are for brands. Platforms enable campaigns 
@mg
 @robras
 @RickWebb
  #agileagency",austin,0
192,2011-03-11T19:00:51.000Z,"My friends will love this... “
@opera
: We're getting ready to empty the fish tank. Releasing Opera 11.10 beta aka Barracuda on Wednesday...”",austin,0
213,2011-03-11T18:12:30.000Z,"Just got word from @sreymup that the boy spoke his first word. Said ""mama"" and gave her a big hug. #prouddad",austin,0
244,2011-03-11T17:10:14.000Z,So many nerdy hipsters! #sxsw,austin,0
245,2011-03-11T23:01:42.000Z,"Good luck 
@whitneyhess
!",austin,0
0,2011-03-11T15:46:31.000Z,"I don't want the spotlight, it's not right, I'm not tight I rep him when I rock Mics",moore,0
1,2011-03-11T14:46:01.000Z,Good Morning Tweeps. Up and at em early this morning. Thanking him for waking me up this morning. #Grateful,moore,0
2,2011-03-11T19:19:06.000Z,"I'm not sure what a Code 55 is, but this woman just called one to the dressing rooms. I'm nervous #tjmaxxtweet",moore,0
3,2011-03-11T15:03:22.000Z,Couldn't run my 4 miles last night because of a killer stomach ache that persisted throughout the night. And I came to work early. Tired.,moore,0
4,2011-03-11T20:44:30.000Z,"What was Oklahoma's own ""Rosie the Riveter"" doing during WWII and since?  Find out from Marina Metevelis herself @ Brown Bag Wed 3-16 #CSRHC",moore,0
5,2011-03-10T02:16:05.000Z,"If you have an iPhone or Android, you should totally download #kik for SMS stuff. You're not charged per text, and you can group text.",moore,0
6,2011-03-11T21:24:31.000Z,We wish teachers and students an absolutely wonderful Spring Break. You deserve it!,moore,0
7,2011-03-11T20:58:11.000Z,Thought I had it but I got a C. Oh well that's better than before! Yay for improvement.,moore,0
8,2011-03-11T15:09:59.000Z,So I have not taken one note in this class. Definitely not feeling it but its my last one.,moore,0
9,2011-03-11T18:57:09.000Z,"So many programmers, so little talent. It's kind of scary because code runs our world.",moore,0
10,2011-03-10T03:09:34.000Z,I haven't tweeted in forever. I wonder if I can tweet and have it update my Facebook status at the same time?,moore,0
11,2011-03-11T16:44:18.000Z,I can not stand it when a professor has fuggin chicken scratch! Like to a damn power point if you gone write on the board! #Mad,moore,0
12,2011-03-10T21:48:17.000Z,"Last midterm then I am done for the next week, I still lots of homework to do though! Have to keep my grades up for my big life change!",moore,0
13,2011-03-11T15:57:19.000Z,I got to talk to Kris a little before we went on last night.. This fun tour is almost over can't wait for the next one!  :),moore,0
14,2011-03-11T04:37:34.000Z,KINDA understanding the role & value that pharmacists potentially have in healthcare. Idk mood swing? Well Its making school more enjoyable?,moore,0
15,2011-03-11T19:13:07.000Z,Brushing dandruff on your paper and then turning it in.. Smh. I've had a total of 12 waves in my lifetime.,moore,0
16,2011-03-11T19:12:03.000Z,This one right here is for the fellas. Who had their brush by em at all time so you could perfect ya 360? U know who you are.,moore,0
17,2011-03-11T23:28:34.000Z,"What a pretty day, despite the thick clouds of smoke outside. Getting ready to relax n watch the game. Let's Go Thunder!",moore,0
36,2011-03-11T20:19:37.000Z,"RT “@jookmodeonline 
@privaledge
 Let's make it happen! #hometownsoundchamp collabo!” #NowThatsWinning",moore,0
37,2011-03-11T02:35:19.000Z,Want to start a revolution? Make a difference? Hit corporate pocketbooks like they're hitting ours?,moore,0
70,2011-03-11T17:10:50.000Z,"Nawara , my Beauitiful girl, stay safe prayers r with u n ur family n friends their ... keep ur head up ... :} ",moore,0
71,2011-03-11T18:55:40.000Z,"For some reason, I don't enjoy a grilled cheese sandwich made with sharp cheddar..it's not a grilled cheese kind of cheese",moore,0
72,2011-03-10T16:05:16.000Z,"#MadOK  Yep, I'm mad! Don't let corporate bought politicians bury the middle class! Speak Out! #wiunion",moore,0
73,2011-03-10T06:58:58.000Z,Lol it should be a weight limit for wearin fur coats.. cuz ross look lika oversized stuffed animal wit one on,moore,0
74,2011-03-10T03:37:02.000Z,Weird feeling going to bed 80% sure I'm going to fail an exam. Alarm set for 345..well see how much I can cram in before 10 am,moore,0
75,2011-03-10T15:42:38.000Z,As soon as my kitchen is clean I'm going to try baking a gluten free cupcake! My bother is beyond excited!,moore,0
76,2011-03-10T19:35:02.000Z,Crap.  Forgot about my take-home mid-term for Film History.  Time to pretend like I know something about art cinema.  #filmnerd,moore,0
77,2011-03-10T15:22:37.000Z,OKC airport is quiet this morning. I really hope the weather in Germany is like it is currently at home.,moore,0
78,2011-03-10T16:59:25.000Z,Also have been adding Gyrokinesis and Feldenkrais exercises to Classical Mat Pilates - with just a dollup of Kung Fu exercises - Yippeee!!!,moore,0
79,2011-03-10T14:18:37.000Z,"Faithful is He who is calling you, and utterly trustworthy. He also will do it, fulfill His call, by hallowing and keeping you. 1 Thess 5:24",moore,0
80,2011-03-11T16:04:32.000Z,great day for it to be my saturday!  U8 Soccer practice tonight and nothing to do ALL day!,moore,0
101,2011-03-11T01:59:07.000Z,New denim in today!,moore,0
102,2011-03-10T05:32:56.000Z,"I caved in and bought the States album from iTunes. I hate digital downloads 
@mindywhite
 yew needs to release a CD copies of your band's EP",moore,0
103,2011-03-10T00:17:51.000Z,"“
@ChrisMCrow
: Two 3-hour flights, a 10-hour flight, 5 hours of layovers and all during daylight. #LongestDayEver” I love it!",moore,0
104,2011-03-11T16:46:15.000Z,Ive just stopped payin attention in class cuz of horrible handwriting and bad eye sight lol,moore,0
125,2011-03-10T16:47:23.000Z,Just have to write 250 words about war in French and then I can pretty much play for the rest of the day.,moore,0
126,2011-03-11T22:41:22.000Z,All spring break im going be in the gym getting better ..but today shii im trying to get FUCCED UP!!!!!!!!!!!!!!!,moore,0
127,2011-03-10T18:59:35.000Z,Waiting on a calzone!!! :0),moore,0
128,2011-03-10T06:29:41.000Z,"Came home 2 wife and kids dancing in the kitchen.  Dancing, cooking, drinking, kissing, tucking, praying, hanging...period.",moore,0
129,2011-03-10T16:57:03.000Z,"Had a great class - and a proud ""Teacher"" moment - a beginner Pilates student did the Roll-Up with straght legs!!!!! Improvement :)",moore,0
180,2011-03-10T03:37:01.000Z,"contemplating doing a 40 nights of movies doing #lent. I did it during christmas, why not for lent? Suggestions please. #movies #40nights",moore,0
181,2011-03-10T17:11:16.000Z,if I didn't know better...my next day off isn't until a week from today. my last day off was monday. wwwwwaaaaaaaaahhhhhh!!!!,moore,0
182,2011-03-11T15:32:45.000Z,Most of yall gone be on vacation for spring break ima be making money :) my vacation will come nxt summer!,moore,0
183,2011-03-10T18:56:02.000Z,"Reached and exceeded my fundraising goal for the Team in Training with the Leukemia and Lymphoma Society! Running the half! 
@OKCMarathon",moore,0
184,2011-03-11T00:02:37.000Z,I'm seriously lmao at #NPR getting exposed for their bullsh**.,moore,0
185,2011-03-11T07:33:26.000Z,"Tired, need to finish packing, work in <5 hours, but can't tear myself away from the TV. #prayforjapan #tsunami #earthquake",moore,0
186,2011-03-11T18:47:00.000Z,great time at westfall but I think a few of those smaller kids blew over the fence...it is windy out there.,moore,0
187,2011-03-11T17:09:41.000Z,"""We are here to affirm, not to deny-when we affirm all that is God, all that is not God is automatically denied."" AW Tozer",moore,0
188,2011-03-10T14:11:20.000Z,Heading off to Joe Harp Correctional Facility today learning about the OK prison system DOC Leadership Academy,moore,0
189,2011-03-11T15:12:01.000Z,I've never given up on anything or anyone who hasn't given up on me.,moore,0
190,2011-03-11T22:24:57.000Z,"With the way the #CBA is going, looks like I'll be cheering the #TorontoArgonauts in the #CFL",moore,0
191,2011-03-11T04:16:51.000Z,and she ate some but couldn't feel anything cause of all the meds she's on! Irony!! Lmao!,moore,0
192,2011-03-11T20:00:29.000Z,"""I use to tote a 38 back up in my crack days, I tote that AK47 in my rap days.."" - 
@LilTunechi",moore,0
214,2011-03-11T22:24:53.000Z,New coach at LaBette ! my dude Coach White takin over! HELLLLLLL YESSSSSSSSS,moore,0
215,2011-03-10T14:32:46.000Z,"Black women have five times as many abortions as white women. I’ll bet my racist, pro-life relatives are feeling all kinds of conflicted.",moore,0
216,2011-03-11T03:20:33.000Z,These parents have this little kid in a red karate outfit walking around the store. He looks like a little bottle of ketchup. Lol,moore,0
217,2011-03-11T04:16:12.000Z,Lady in Stillwater Ok had a in home bakery selling marijuana laced goods. The idiot old lady next door said she had made her some bread and,moore,0
239,2011-03-10T20:11:22.000Z,"seems like everyone I know is graduating this semester. I, however, am never graduating. hells bells.",moore,0
240,2011-03-11T11:55:03.000Z,Leaving OKC and headed back to Nashville. Couldn't have imagined a better Spring Break!,moore,0
241,2011-03-11T03:18:25.000Z,This guy has a really big head and a very little neck. Lol,moore,0
277,2011-03-11T02:35:37.000Z,Get as many people as you know to NOT buy gas EVERY Friday until it goes down to reasonable prices ($1.99-2.29 per gallon) ...,moore,0
278,2011-03-11T10:49:47.000Z,Watching the earth quake coverage on TV as I get ready for work.,moore,0
279,2011-03-10T21:54:20.000Z,It's weird not having Boomer meet me at the door when I come home.,moore,0
280,2011-03-10T19:56:39.000Z,Stop smoking cigs!,moore,0
281,2011-03-11T07:05:05.000Z,"wow. japan. that's some insane footage, if you're not watching.",moore,0
282,2011-03-10T00:15:37.000Z,"Sorry for Ryan and 76ers fans. KD vs AI? Thx!! RT
@rkfilmco
 Sorry 
@Morritter
 , but the #Sixers are gonna beat your boys from OKC tonight!",moore,0
283,2011-03-11T03:36:55.000Z,"OUT WITH THE BEST SISTER EVUR. 
@Misha_Goosheh
  watch out watch out norman oklahomaaaaaaaaaaaaaaaaaaaa (crowd screams)",moore,0
284,2011-03-11T17:56:42.000Z,"Good things about MCI: free Wi-Fi, TVs. Bad things about MCI: little space to roam without hitting security, limited restrooms.",moore,0
285,2011-03-11T16:14:04.000Z,"If I had it, I would send and fly @AustinTGraham to Japan to help those people! The dude is a servant & I bet he wishes he was there to help",moore,0
286,2011-03-11T21:02:45.000Z,There's a long-ass line outside the Apple store. There must be a new piece of over-hyped junk going on sale today. I'm guessing the iPad 1.5,moore,0
287,2011-03-11T11:05:53.000Z,"""Battle: Los Angeles"" 33/100-Monotonous. About half as fun as watching your roommate play Modern Warfare-which, the game has better dialogue",moore,0
310,2011-03-11T02:03:43.000Z,i want to live somewhere with lemon trees. any lemon farms out there want to hire me?,moore,0
311,2011-03-10T04:40:43.000Z,"As much as I am bummed that I am missing #PAX East, I have been told by 
@blytherenay
 that ""we are going to PAX Prime, no matter what"". Sweet",moore,0
312,2011-03-11T11:02:02.000Z,I am still trying to figure out how George W. Bush was responsible for this earth quake this morning.  I know he played a role!,moore,0
313,2011-03-11T13:03:48.000Z,"Philippians 2:3 ()
3 Do nothing from rivalry or conceit, but in humility count others more significant than yourselves.",moore,0
336,2011-03-11T20:23:25.000Z,"And refuse to come back until Tuesday? 
@fedex
 doesn't offer re-attempts? I just want ONE ATTEMPT.",moore,0
337,2011-03-11T20:22:07.000Z,"Come on 
@fedex
! We have an office full of people and you claim you tried to deliver today?",moore,0
338,2011-03-10T20:06:06.000Z,"Watch our Urban Harvest Director, Bruce Edwards tonight on 
@NEWS9
 at 5pm.",moore,0
339,2011-03-10T03:44:39.000Z,Glad to see increased RAM confirmed for iPad 2. Can't wait until Friday.,moore,0
361,2011-03-10T05:34:34.000Z,"So, now that #Greek is over...I need a new TV guilty pleasure.  I'm gonna miss that show.  Maybe #GloryDaze will step into it's shoes.",moore,0
393,2011-03-11T04:14:40.000Z,i wish i could get all my blog friends and twitter friends and pinterest friends in one room for a big party. #nerdythoughts #secondlife,moore,0
394,2011-03-11T03:17:26.000Z,"RT 
@cptlawrencebeer
: if the knicks win tonight, everyone, and i mean every single person gets free samples tomorrow at the brewery from 4-7",moore,0
395,2011-03-10T16:08:44.000Z,"Changed my avi just for my unc happy bday (sappy) 
@Timbaland007",moore,0
396,2011-03-11T04:27:24.000Z,"Thanks to 
@Oudaze
 for helping me figure out that I messed up on my taxes and should get more money back!",moore,0
397,2011-03-10T18:13:39.000Z,"Where you at 
@mattwilliamson
? Coming to the tweetup?",moore,0
0,2011-03-11T20:24:03.000Z,Friday = burgers for the boys big time oh yaa. #jerseyshore,boston,0
1,2011-03-11T14:45:34.000Z,"our thoughts are with japan, hawaii and the west coast. keep ya head up.",boston,0
2,2011-03-11T18:06:23.000Z,"""Kingdom of Amalur"" looks like an incredibly sick game. #PAX #38Studios",boston,0
3,2011-03-11T18:38:17.000Z,“Writing is a way of talking without being interrupted.”,boston,0
4,2011-03-11T11:38:59.000Z,"I am awake. Voluntarily. Yeah, you know somethin's up. #PAX #fb",boston,0
5,2011-03-11T23:57:03.000Z,If you are #prayingforjapan you are #winning! TEXT REDCROSS to 90999 to donate $10 to the tsunami's relief fund,boston,0
6,2011-03-11T16:41:28.000Z,Measles spreading time at the keynote #pax,boston,0
7,2011-03-11T19:06:04.000Z,Treasuries lower on fears that Japan insurers may need to sell Bonds to pay for damages. If you need to lock a loan call me,boston,0
8,2011-03-10T15:43:57.000Z,#saynoto Cheating....its not right!,boston,0
9,2011-03-11T22:35:34.000Z,Smells like spring!!!!!,boston,0
10,2011-03-11T16:33:49.000Z,Just because I say smart ass comments doesn't mean I'm in a bad mood..#imjustreal ..get into it,boston,0
11,2011-03-11T23:59:00.000Z,Not gonna lie the 3DS is pretty awesome! #PAXEast,boston,0
12,2011-03-11T17:36:42.000Z,"At the 
@38Studios
 demo at #paxeast . I'm being blown away! Really impressed! Way to go!",boston,0
13,2011-03-11T13:27:51.000Z,Please stop in throughout the week for dinner drinks and much more!,boston,0
14,2011-03-11T16:39:15.000Z,Text REDCROSS to 90999 to donate $10 to the international relief fund for Japan.,boston,0
15,2011-03-11T23:11:18.000Z,"I'm really enjoying twitter packing therapy with #bugoesgoshen. Plaid, hipster jeans, bandanas... #thingsidontown",boston,0
16,2011-03-11T01:08:27.000Z,"Check-in if you haven't...or if you have - again! RT 
@netheatregeek
 Last wknd for THE HOTEL NEPENTHE 
@ASPBoston
 #BostonTheatre #somerville",boston,0
17,2011-03-10T23:40:54.000Z,Aggannis is so sterile and boring. No comparison to #Northeastern's Matthews Arena. History > Hi-tech,boston,0
18,2011-03-11T17:40:08.000Z,Japan is an amazing place. I can only hope things improve for everyone living there. & hope Tokyo Disneyland is repaired soon #prayforjapan,boston,0
19,2011-03-11T12:21:04.000Z,Hopes and prayers go out to all our friends in Japan.,boston,0
125,2011-03-11T02:21:11.000Z,"Twitter Direct Messages are about as dependable as notes in a bottle, thrown out to sea.",boston,0
126,2011-03-11T15:58:05.000Z,"Sad to see all these intelligent people excited about political activism, instead of working harder towards the only solution: technology.",boston,0
127,2011-03-11T17:20:49.000Z,"Setting up a new map section for the bevy of US, MA and wine maps I picked up. Also going on vacation until the 18th - shop will be closed.",boston,0
128,2011-03-11T00:49:30.000Z,"At the yemen blues  concert w ban and it is not sold out so put on your coat, your hat, and gloves and come on over to the theater.",boston,0
129,2011-03-11T13:43:37.000Z,Waiting in line for the keynote at #PAXEast. Playing some Pokemon and maybe trying to enlist Mario Karters later. #comeatmebro,boston,0
130,2011-03-11T20:25:13.000Z,Great meeting today with Social Media Expert @jentheginger I'm getting ready for #BigThings,boston,0
131,2011-03-11T13:14:11.000Z,winter fog / the absence / of crickets #haiku,boston,0
132,2011-03-10T19:57:07.000Z,looking for a bowed saw player for a track. Anybody know any? Anybody interested in learning how to play one?,boston,0
133,2011-03-11T22:47:13.000Z,"I wish 
@panerabread
 would stop with this card nonsense and start rewarding me via 
@scvngr
 or 
@foursquare
. #so2005",boston,0
134,2011-03-11T22:33:49.000Z,"One of my favorite moments so far today was seeing 
@cwgabriel
 bite into a whoopie pie on stage. It looked like his world lit up. #PAX",boston,0
135,2011-03-11T15:01:36.000Z,"Twitter for android uses 30 MB of storage... for what!? Even if it cached my whole timeline and profile photos, something else is going on.",boston,0
136,2011-03-11T13:05:41.000Z,I'm liking the east coast. Traveling between the 3 big cities is a cheap and convenient process. It does take 8hrs from BOS to DC though...,boston,0
137,2011-03-11T02:47:53.000Z,The Destructoid party at PAXEast was a waste of time unfortunately; the bar wasn't conducive to mingling between sit down tables. Bah.,boston,0
138,2011-03-11T23:43:08.000Z,I bought girl scout cookies frm Copley Station caramel flavor they are amazing...& is probably the only good thing that has happened 2day,boston,0
160,2011-03-11T18:42:40.000Z,"Scoping out the legal issues panel at #PAXEast. Hanging out in the Naga Theater all afternoon, yay!",boston,0
161,2011-03-11T20:08:04.000Z,"The guillotines won't help, due to their strange tendency to attract at their handle precisely the fanatics that ought to be under the blade",boston,0
162,2011-03-11T18:28:17.000Z,Big meeting this morning with some really important folks from Boston. This summer is going to be HUGE!!! #gargantuan,boston,0
163,2011-03-11T22:33:41.000Z,"Oh hell yes. No one's home! I can go start on the BSG piano book by 
@bearmccreary
! I have been waiting years for this possibility. #joy",boston,0
185,2011-03-11T16:38:54.000Z,"Absolutely. By the way when did you get here and how long will you be here? RT 
@erock89
: #saynoto to the say no to drugs commercials",boston,0
186,2011-03-11T19:20:58.000Z,I'm probably the only 1 with a BoA plastic bag.Every1 grabbed all freebies when I was spaced out.have a Bastion bandana though :) #PaxEast,boston,0
229,2011-03-11T18:33:57.000Z,"I bet the president of Lyiba, Gaddafi, is really excited about this Japan earthquake. For once the focus isn't on his crazy ass",boston,0
230,2011-03-11T07:34:31.000Z,"8.9 magnitude earthquake hits Japan. Pretty sure CNN just inadvertently showed a dead body floating by, post-tsunami. Horrifying.",boston,0
231,2011-03-10T01:23:47.000Z,So Max Pacioretty has a cracked vertebrae? I didn't know Habs players had spines.,boston,0
232,2011-03-11T21:42:10.000Z,"Now THAT is promo! RT 
@GreatScottROCK
 Heard that DJ 
@vMichaelv
 has shaved off his beard--- head to 
@thepillboston
 to find out 10pm 21+ $5",boston,0
233,2011-03-11T17:07:14.000Z,"I FINALLY MET 
@DeMarko
!",boston,0
234,2011-03-11T23:48:27.000Z,"Day 1 of #paxeast was good and tiring. Tonight, 
@brinkgame
 party, tomorrow 
@nvidia
 scavenger hunt. Looking for button 4706 for Fully Loaded",boston,0
235,2011-03-11T23:08:09.000Z,"Listening to my mom complain about the pointlessness of Panera bagel chips. I should have brought 
@JustinO_o
 along for a complete discussion",boston,0
236,2011-03-10T15:47:52.000Z,"Can we get #SHAQALLSTARCOMEDYJAM trending in #Boston?  
@THE_REAL_SHAQ
 @BosComExaminer
 @Toucherandrich
 @TrackGals 
@Blumenreich
 @universalhub",boston,0
237,2011-03-11T01:05:16.000Z,Excited to be back in Boston! Memories of living here and GamerDNA days are flooding back :),boston,0
238,2011-03-11T23:14:49.000Z,Annoyed that Apple didn't do iPad preorders. Now they're sold out and I have to wait 2-3 weeks for an online order. Boo. Hiss.,boston,0
255,2011-03-10T19:07:54.000Z,FRIED CHICKEN WEELY,boston,0
256,2011-03-11T06:49:12.000Z,"""The ghost of this historic hotel's original owner, Harvey Parker, is said to wander the halls and walk through walls""",boston,0
257,2011-03-11T17:29:20.000Z,"Grabbing lunch with 
@kayliversteeg
 and 
@marissamullen
, then hangng with 
@Callme_matt
 until 
@CallMe_Will
 gets out of class for load-in.",boston,0
258,2011-03-10T23:47:05.000Z,"A car in the parking lot had a gas tank leak, which was just an elaborate ruse to get all these Bostonians to say ""car.""",boston,0
259,2011-03-11T19:47:49.000Z,"Have lg orgs actually seen the redux of middle management due to technology? As it too can monitor performance, provide feedback 
@harvardbiz",boston,0
288,2011-03-11T19:23:05.000Z,"It seems like a bunch of you are playing Words With Friends either again or for the first time, so if you want to play me, invite ckolderup.",boston,0
0,2011-03-11T20:34:09.000Z,"For twitter this year, I'm giving up lent.",nyc,0
1,2011-03-11T19:19:33.000Z,I spend money the way a fat man goes through toilet paper,nyc,0
2,2011-03-11T15:42:32.000Z,"Day 3 of #lentNYC: Psalms 51. ""Create in me a clean heart oh, God! """,nyc,0
3,2011-03-11T19:53:09.000Z,"My heart is with you.
 #prayforjapan",nyc,0
4,2011-03-11T20:43:23.000Z,saw a couple making out in the iPad 2 line. I guess you gotta find some way to pass the time.,nyc,0
5,2011-03-11T23:10:38.000Z,Absurdly long line at #Apple Store at 14th and 9th in NYC for #ipad2. There's fandom and then there's fanaticism. #tabletwonder,nyc,0
6,2011-03-11T22:36:03.000Z,"WE GOING HARD CYPHE AND 
@Jsoundz
 !!! WE BETTER THEN EVERYBODY... YES EVEN YOU!!",nyc,0
7,2011-03-11T23:59:19.000Z,The hashtag says it all #prayforjapan,nyc,0
8,2011-03-11T19:22:02.000Z,"I broke my code today,
To see if it's still real,
I focus on the bug,
The memory it steals.",nyc,0
9,2011-03-11T18:31:21.000Z,"Just found in my email files of my #uchicago BA and MA papers. Suffice it to say, my writing skills have evolved over the past seven years.",nyc,0
10,2011-03-11T22:19:25.000Z,"Gotta admit some serious talent on #AI this season with Jacob, Casey, Pia, James and Stefano. Who is your fave? Oh and Tyler retains cool!",nyc,0
11,2011-03-11T23:49:06.000Z,"NYC BOUND ...@VGLAMCEO & 
@purebeautyki
 .....casting call!",nyc,0
12,2011-03-11T20:33:39.000Z,Thoughts and prayers go out to everyone in Japan.  Especially our DDB and Tribal DDB colleagues. I hope everyone is safe and sound. #tsunami,nyc,0
13,2011-03-11T15:17:51.000Z,"Removed 55 gallons of water from my basement this AM. Wet-Vacs are FUN!  Still, would rather have been doing something else. #springtimejoy",nyc,0
14,2011-03-11T19:49:54.000Z,Inter v. Brescia: Both teams sporting black armbands for victims in Japan. Can't imagine any such international gesture in US sports.,nyc,0
15,2011-03-11T19:24:36.000Z,"Have survived being berated by a NY hairstylist for ""washing my hair too much"" and am even dead chuffed with my new, non-Axl 'do.",nyc,0
16,2011-03-11T18:33:02.000Z,"As I said yesterday, I love the new logo but hate that some marketing schmuck (like myself) caved and had to add 'Starbucks' to the cup.",nyc,0
17,2011-03-11T18:11:34.000Z,"if you live in new york city, you have to be the 1 of the ballsyest riders on the planet, cause this place is ridiculous but I love it!",nyc,0
18,2011-03-11T23:07:17.000Z,The life-sized Gundam statue was NOT destroyed in the earthquake. The photo circulating is of the original's dismantling in 2009.,nyc,0
38,2011-03-11T20:03:25.000Z,"""I have the choice of being constantly active and happy or introspectively passive and sad. Or I can go mad by ricocheting in between.""",nyc,0
78,2011-03-11T19:22:38.000Z,"Sometimes following celebrities can be annoying.  You want to stay in touch, but you don't want to hear all the dumb!@#$ they do.  K.I.S.S!",nyc,0
79,2011-03-11T22:09:06.000Z,"""Can I say one thing to you? And I say this with an unblemished record of staunch heterosexuality.....it's fabulous."" #seinfeld",nyc,0
80,2011-03-11T18:22:07.000Z,"The vitriol people muster on local blogs is incredible.  If they'd just channel it into a massive garage sale, we'd solve our debt problems.",nyc,0
81,2011-03-11T20:18:15.000Z,This morning I realized that Angry Birds is a sort of sideways Arkanoid concept. Space Invaders turned sideways could net me millions.,nyc,0
82,2011-03-11T20:31:55.000Z,"lucky am i: last stout coffee cake, parmesan shortbread & 1 cool, delicious, milky New Orleans iced coffee blue bottle brooklyn i heart thee",nyc,0
83,2011-03-11T19:17:12.000Z,Hollywood. RT @Hagan4Prez:  #No they had me talk in front of the school faculty during a presentation.,nyc,0
84,2011-03-11T20:13:06.000Z,"def advise buying tix for tmrw's Clogs/BYC 
@ecstaticmusic
 show asap. trust me.",nyc,0
85,2011-03-11T19:44:11.000Z,Prayers for all those in Japan!,nyc,0
86,2011-03-11T22:44:04.000Z,Line for IPad at 59th & 5th NYC spans 2 city blocks. Question: r there enough in stock to satisfy the immediate demand?,nyc,0
87,2011-03-11T14:04:58.000Z,FF: My production company @Light_Lamp_Prod for all your video production needs,nyc,0
88,2011-03-11T22:55:19.000Z,"New york is popping...i need to get a crib here with 
@DammySNM",nyc,0
89,2011-03-11T18:16:58.000Z,"My team 
@SSTATS
 @PChase114
 @HaHzyRu 
@TAH_G_ALI
 @itsDRIFT",nyc,0
90,2011-03-11T15:14:18.000Z,55th Btwn Park&Mad. Lent special shrimp scampi over rice or shrimp scampi on a hero,nyc,0
91,2011-03-11T20:16:12.000Z,Receiving local TV footage from #Japan Horrific images of the #tsunami Death toll rises to 1000. #PrayforJapan,nyc,0
92,2011-03-11T21:05:02.000Z,Barely made it. 3 min to spare. Full size luggage and 4 shopping bags in tow. I think I ran over a little one. Oh well. Sorry ,nyc,0
93,2011-03-11T17:33:16.000Z,I'm ready to say goodbye to winter so while supplies last buy bottles of Sam Smith Winter Welcome for only $1.00.,nyc,0
114,2011-03-11T16:15:09.000Z,"Due to constr., constr., southbnd D btw 36th St Sta (Brklyn)  and Coney Island-Stillwell Ave Sta (Brklyn)   until 3:00PM runs via N Line",nyc,0
115,2011-03-11T23:26:08.000Z,This cool Greek guy was behind us in line at the Palisades Mall. I hope he enjoys his iPad. Cheers dude!,nyc,0
116,2011-03-11T23:33:27.000Z,Tired of weird shit,nyc,0
117,2011-03-11T20:09:00.000Z,"By the way, have you submitted YOUR resume yet? We're hiring part-time interns + a full-time Administrative Asst! rachel@amritasingh.com",nyc,0
190,2011-03-11T23:04:21.000Z,"“but I'm wondering if the people who thot God was punishin Haiti w/their earthquake believe Japan is also being punished for their ""sins""?”",nyc,0
191,2011-03-11T17:20:05.000Z,"#FF 
@eulogyrecords
 bands! @enderhardcore 
@thickasbloodfl
 @thetiredandtrue
 @hateyourguts
 @donnybrookhc
 @standunitedx
 @CatalepsyFL",nyc,0
192,2011-03-11T22:57:50.000Z,"Today: death at an audition, rebirth at yoga, exhaustion at home depot, elation at career happenings, and now: a callback w/ m for Trojan.",nyc,0
193,2011-03-11T23:38:07.000Z,"Got out of work early since they didnt have anything to do for me + spring break. haha. I will be packing soon, and doing nonsense all night",nyc,0
194,2011-03-11T20:17:53.000Z,"At first, I was a little sad that I wasn't going to SXSW, but then I saw Moby's Vegan BBQ line-up... and all was well with the world again.",nyc,0
195,2011-03-11T19:25:27.000Z,"I'll never forget the violence of the L.A. quake in '94. My Hollywood apt. shook like crazy & that was ""only"" 6.9. This one's a monster.",nyc,0
196,2011-03-11T16:51:38.000Z,"Dreamed of things starting with the letter B: babies, bathing suits, the beach, and being berated by a family member. Sometimes sleeping sux",nyc,0
197,2011-03-11T23:36:51.000Z,"Variety has this amazing ""Pilot Watch"" spread with all the announced pilots for the 5 networks. *saves*",nyc,0
198,2011-03-11T23:01:51.000Z,"Toilet paper, Triscuits, Keebler Fudge Stripes, and coconut water.  Sometimes I wonder if the grocery store cashier is judging me...",nyc,0
199,2011-03-11T21:35:05.000Z,"Watched my boys in Blue get it done while I got it done on the treadmill. Awesome game. Awesome determination, @Michigan_mbball!",nyc,0
200,2011-03-11T23:03:48.000Z,"A HUGE thank you 
@MetierBeaute
! I couldn't have done it without Refresh, JoJo, Corinthian, Fresh, Ibiza, Summerland & EVERY foundation! <3",nyc,0
201,2011-03-11T16:28:33.000Z,"#FF @missmaddie207 
@Jerlyn
 @lindsaykap
 @e5thelove
 @farrellactual
 @nicholasbordas 
@conradlisco
 Amazing tweeps! You won't regret it!",nyc,0
202,2011-03-11T21:09:08.000Z,"I just checked in at Fringe Salon (1874 Springfield Ave, Maplewood) on 
@footfeedapp
 Getting my hair colored by Denise!",nyc,0
223,2011-03-11T20:22:53.000Z,Thousands are pouring into #Mixi - largest social networking site of #Japan to locate their friends and family.,nyc,0
224,2011-03-11T22:16:18.000Z,Arrived at JFK. Once again the ride in A380 was just great. It's incredible the lack of noise during takeoff considering the massive weight.,nyc,0
225,2011-03-11T18:38:28.000Z,Why have all you New Yorkers been complaining about the weather? Its absolutely perfect out!,nyc,0
260,2011-03-11T22:32:38.000Z,"Called it! RT 
@dansinker
: Just got off the phone with an editor. It looks like there's going to be a 
@MayorEmanuel
 book.",nyc,0
261,2011-03-11T16:18:51.000Z,Got a chance to play the 3DS. I stuck my hand up a Cat's butt. There were sparkles.,nyc,0
262,2011-03-11T20:10:12.000Z,"As an Administrative Assistant, you'll mostly work under me. I'm fun to work for, I promise! I also buy people chocolate & cupcakes a lot...",nyc,0
263,2011-03-11T17:53:05.000Z,"Steven, Sara and I (Shane) are on our way to Newark Airport to meet-up with the rest of the crew in Austin!",nyc,0
0,2011-03-10T01:18:55.000Z,"Man, more and more daily I'm convinced God is enough #lecrae #godisenough",joplin,0
1,2011-03-11T03:33:37.000Z,Car is fixed and I have a replacement battery. Now for new tags.,joplin,0
2,2011-03-10T06:05:19.000Z,"There are 10 types of people in this world: those who understand binary, and those who don't.",joplin,0
3,2011-03-11T00:07:11.000Z,#youcanttrust waka  to be lyrical,joplin,0
4,2011-03-10T21:00:22.000Z,There is such thing as being TOO into stuff.,joplin,0
5,2011-03-11T22:08:45.000Z,ready for some #springftooball,joplin,0
6,2011-03-11T04:42:47.000Z,Bored at work = writing out bash code,joplin,0
7,2011-03-10T23:48:15.000Z,an anthem is the seat of an ant's pants,joplin,0
8,2011-03-11T01:09:20.000Z,"Yeay!!!! Pastor Steve and Susan here, now!",joplin,0
9,2011-03-10T03:18:06.000Z,Tweet tweet tweet.......,joplin,0
10,2011-03-11T01:05:53.000Z,"19:04 At Starbuck's having coffee with Stewie, Rachel and Khaily... where my 
@SOCMCC
 peeps at?",joplin,0
11,2011-03-11T13:56:05.000Z,"The iPad 2 is out... And Japan got butt-fucked by water.
Poor Japanese :'(",joplin,0
12,2011-03-11T14:18:53.000Z,The fact the Gojira is trending is beyond fucked up.,joplin,0
13,2011-03-10T12:04:55.000Z,Well Fuck. Have to wait on car battery,joplin,0
14,2011-03-11T15:00:26.000Z,“You can’t grow by becoming even more predictable and ordinary.” Seth Godin,joplin,0
15,2011-03-11T20:27:11.000Z,"Following 
@zenray",joplin,0
16,2011-03-11T18:13:24.000Z,"Following 
@GreggRobertson5",joplin,0
17,2011-03-11T03:06:09.000Z,He who learns to laugh at himself will never cease to be amused.,joplin,0
18,2011-03-11T00:32:14.000Z,"FOLlOW  
@_Shaydeepthroat
 #teamfollowback #teamvirgo  @SHEAFREAKTHOW 
@PbPace
  #teamstl #newyork #saintlouis",joplin,0
19,2011-03-10T03:00:00.000Z,It's amazing how the clouds of a crappy work day can hover so low on a day like today.,joplin,0
58,2011-03-11T13:29:14.000Z,Praying for those affected by the earthquake and tsunami.,joplin,0
0,2011-03-11T21:02:38.000Z,I won't be at #Bambou tonite but go holla at my people...gonna be live & #HAM tonite!,houston,0
1,2011-03-11T22:53:51.000Z,#tsunami victims you all are in my prayers!,houston,0
2,2011-03-11T23:27:44.000Z,"A great guy and the quintessential entreprenuer for you on #FF: 
@genemccubbin",houston,0
3,2011-03-10T13:22:25.000Z,I could really punch someone in the face!,houston,0
4,2011-03-10T22:44:07.000Z,"Come by and visit us in Sugar Land Town Square! For new customers, your first class is only $1!",houston,0
5,2011-03-11T02:45:42.000Z,Yuh know Wat IDGAF! (;,houston,0
6,2011-03-11T15:18:26.000Z,"It's time for the people to bust the congress. Take away their benefits and the automatic pension after one term. Then see how they ""govern""",houston,0
7,2011-03-11T03:28:33.000Z,just touched down in H-town...gotta crippled gait and sore from all the past week's walking and sitting on the flight back...need a beer...,houston,0
8,2011-03-11T19:28:07.000Z,this beat is sick #np Not A stain on me,houston,0
9,2011-03-11T17:59:56.000Z,#np 'Take me out tonight Where there's music and there's people Who are young and alive..There is a light that never goes out' The Smiths,houston,0
10,2011-03-11T23:51:09.000Z,"""
@5thwardgreen
: @ladybchauntell what tha move is tonight"" #LinkLounge",houston,0
11,2011-03-11T18:08:59.000Z,"#nowplaying 'Good times for a change See, the luck I've had....So please please please Let me, let me get what I want This time' The Smiths",houston,0
12,2011-03-11T22:27:43.000Z,"*sigh* But seriously, any tweeting at all feels cheap. Still thinking about those affected by the quake & tsunami. I want to just help them.",houston,0
13,2011-03-11T23:59:09.000Z,We have a private party on Saturday (Rain better hold off) but Sunday we are at La Brisa-Bacliff 5p-9p. Come Rock out w/us. Margarita time!,houston,0
14,2011-03-11T14:57:54.000Z,"Ok im still drunk ..... fuck #houseofhookah and 
@elenaa_dee
 is my sexxxiiiii mami and im in luv wit @JasTheJewel lol",houston,0
30,2011-03-10T19:54:00.000Z,"Waiting at airport. I'm having to restrain from laughing out loud listening to 
@jonacuff
 read his book Stuff Christians Like. I may cry. #fb",houston,0
31,2011-03-11T11:45:04.000Z,#bestdayever mixtape needs to drop!#bestdayever mixtape needs to drop!#bestdayever mixtape needs to drop!#bestdayever mixtape needs to drop!,houston,0
32,2011-03-11T11:06:21.000Z,Test3,houston,0
33,2011-03-11T23:01:46.000Z,"With all that has happened in #Japan, I could careless about the #nfl and its labor issues.",houston,0
53,2011-03-10T12:38:13.000Z,Deciding who to be for Super Hero day was hard. I'm pretty super and awesome in my normal persona! #tc,houston,0
85,2011-03-11T23:38:44.000Z,"In NORTH SAM HOUSTON stop and go traffic on N SAM HOUSTON PKWY EB between HWY 249 and ALDINE WFEILD, delay of 23 mins #traffic #HOU",houston,0
86,2011-03-10T21:23:56.000Z,Did u like Jennifer Lopez red lips last nite on #AI10 try MAC Lady Danger lipstick #makeup,houston,0
87,2011-03-11T22:35:20.000Z,“Nothing in this world is more dangerous than a sincere ignorance and conscientious stupidity.” #MLK,houston,0
88,2011-03-11T03:42:33.000Z,"I have decided to favorite (and probably RT) all one word tweets that show up in my feed for the rest of the night*.

*Probably.",houston,0
89,2011-03-10T19:22:12.000Z,We stopped at Golden Corral for #startupbus. Everyone cheered when it was announced. It's as if none of them had ever been to one.,houston,0
90,2011-03-10T18:00:23.000Z,", & I'mm crashing westfield today !",houston,0
91,2011-03-11T23:59:15.000Z,"In 288 SOUTH FREEWAY stop and go traffic on HWY 288 INBOUND between MACGREGOR and THE 59 SW FWY, delay of 3 mins #traffic #HOU",houston,0
92,2011-03-11T23:53:59.000Z,"In 290 NORTHWEST FREEWAY stop and go traffic on HWY 290 OUTBOUND between MANGUM and PNEMONT, delay of 7 mins #traffic #HOU",houston,0
93,2011-03-11T05:14:36.000Z,"Happy AKAversary to the Epsilon & Lambda Upsilon Chapters of Alpha Kappa Alpha Sorority, Inc. (Boston & Cambridge Citywide) SPR 09!",houston,0
94,2011-03-11T17:45:27.000Z,"Come on TWC...quit playing with me, the longer u wait the bigger that check.....so far we're at a lil more than $2,000 #$$$$",houston,0
95,2011-03-11T16:17:26.000Z,is ready for the pointless comments about how the japan quake proves social media ROOLZ the media universe.,houston,0
96,2011-03-11T23:56:04.000Z,Cheers to another sloppy night! Everyone come party:D #Problemsolver #lameexcuse,houston,0
117,2011-03-10T23:48:23.000Z,"on hold with 
@Tmobile
, they said they ordered me a new phone.  Today I got charger in the mail.  Complete #FAIL going since Monday",houston,0
118,2011-03-11T05:49:17.000Z,im in the city of the purple sprite .,houston,0
119,2011-03-11T19:14:21.000Z,"Read 55% of The Accidental Billionaires on my flight. Enjoying the story but not the style; oddly, opposite was true of The Social Network.",houston,0
120,2011-03-10T23:51:32.000Z,"Got a reply from Bruce Campbell today from an email last Sept, but hey, not complaining. Nice to know he's keeping in touch with the fans.",houston,0
141,2011-03-11T21:44:56.000Z,"This is what I see when I get on fbook. ""T.G.I.S.B
#(T)hank (G)od (I)ts (S)pring (B)reak"" Thats why Ion fugg with it",houston,0
142,2011-03-11T17:56:24.000Z,Just ate my first Sinfull cinnamon roll at Antidote. It's pretty satisfying. I recommend it!,houston,0
143,2011-03-11T19:53:22.000Z,Business School Backpacks is also my band. Our new album drops soon.,houston,0
144,2011-03-11T17:15:10.000Z,We are excited for Spring Break - hope everyone has a safe and relaxing break! See you on March 21!,houston,0
193,2011-03-11T00:37:20.000Z,I didn't have such a great afternoon at home today. Sister messed with my Pokemon game. #bitchplease. I'm mad. Going to bed.,houston,0
194,2011-03-10T17:59:21.000Z,U boys scared.,houston,0
195,2011-03-11T07:35:39.000Z,"It's actually a sad song when you view it that way: she's going back to a dude who treats her bad, not particularly cute...",houston,0
196,2011-03-11T19:54:57.000Z,"Man I hate to say this but the world is coming to a end. Look at japan tell the people you value you love them.
50cent.",houston,0
197,2011-03-11T11:24:53.000Z,Bit chilly this morning but it's time to rock a beach shoot. What's up with me and beach shoots when it's cold?,houston,0
198,2011-03-11T23:36:06.000Z,Smh...y'all ain't right...I give y'all my place to have a good time and look how y'all do me..,houston,0
199,2011-03-10T18:43:58.000Z,I wish I could record this guy announcing boarding what a personality it's like watching stand up comedy!,houston,0
200,2011-03-10T15:13:09.000Z,"Making kid's camp packets, working on a new message series, and so much more ... Thursdays equal 'crunch day'",houston,0
201,2011-03-10T23:48:19.000Z,Yes. Tnx to the delayed London flight there is room in the plane. Austin here we come!,houston,0
202,2011-03-10T16:52:20.000Z,"A 
@SouthwestAir
 airport/airplane free wifi promotion for 
@sxsw
 seems like a no brainer.",houston,0
203,2011-03-11T22:24:18.000Z,"Don't forget this Sunday March 13 is ""Spring Forward"" so set your clocks an hour later Saturday night. :)",houston,0
204,2011-03-11T07:31:06.000Z,Side piece probably didn't even know he was a side piece. He es just a really good dude who got played...,houston,0
205,2011-03-10T16:09:10.000Z,Headed to pick-out a new desk. I have a feeling my productivity level is going to start rising! :),houston,0
226,2011-03-11T20:05:22.000Z,"See you tomorrow 
@urbanharvest
's Eastside market!  Saturdays, 8-12!",houston,0
227,2011-03-11T18:31:07.000Z,"Yo Sunday at czar 
@ELROYboogie
 & 
@candlestickem
   We cold as ice",houston,0
228,2011-03-10T23:33:21.000Z,"RT 
@paul_steele
: Decaffeinated coffee is like a hairless cat. It exists, but that doesn't make it right. RT 
@5tevenw
 ~ Yeah!",houston,0
229,2011-03-11T21:23:05.000Z,"My favorite stories were always tragedies... They were all filled with so much passion... Then again, dumb & dumber is also classic:)",houston,0
230,2011-03-10T23:00:31.000Z,Now we are nr 18 and 19 on the standby list of this full airplane. So it will be probably the next one at 2100...,houston,0
252,2011-03-11T15:41:06.000Z,"Lmao I was walking in the hall with my current, & we see my ex, we pass by and my current slaps knee and laughs, lmaoo too funny",houston,0
253,2011-03-11T16:11:59.000Z,Any news on a line at the Houston Galleria Apple store? I plan to get there by 1.,houston,0
286,2011-03-11T21:04:06.000Z,"I'm not sure what is happening tonight, but I have a feeling it'll involve sitting outside with a cool beverage in my hand :)",houston,0
287,2011-03-11T15:04:17.000Z,"Anyone who says this is ""God's way of telling us we need to change our evil ways"" gets a swift kick to the groin or tit.  #fairwarning",houston,0
288,2011-03-11T20:36:05.000Z,"Thanks for #FF! RT
@dahottnezz
 @crlisnn 
@deron0112
 @johnzoesaid 
@lonertrav
 @ls407
 @magnumprime
 @mooksettrends
 @pokiechop",houston,0
289,2011-03-11T18:40:15.000Z,"6-8pm TONIGHT! Patrick Turk's ""The Time Travel Research Institute"" & ""Chicomexochtli's Children"" curated by Beth Secor. Come check it out!",houston,0
290,2011-03-11T08:39:46.000Z,coming back to tha rock this weekend!!! u kno its time to get down!!,houston,0
291,2011-03-11T11:48:34.000Z,"U can pray anyway 
@GIZMONATION
 he and ur nation hear u Gizmo! When its ur time, u will!",houston,0
292,2011-03-11T22:10:30.000Z,"That's right!  Ya heard me!  RT“
@allspadez
: #FF my buddy OG 
@CrazyCarolHB
 :) Why? Becuz she's Pretty, Witty and has Completely lost it! lol”",houston,0
293,2011-03-11T07:51:16.000Z,I dunno if I should be concerned or flattered that a certain someone found me somewhere I use my government name and alternate email address,houston,0
294,2011-03-11T11:17:49.000Z,"Please go 
@MrsdogC
 please don't wait,I was here in Houston & stayed cuz my mom wouldn't leave during Katrina & Rita, we all luv u guys!",houston,0
295,2011-03-11T00:12:49.000Z,"RT 
@danjoyce
: I'm guessing it's some sort of controlled burn creating the funk over H-town. Anyone know? ~ We noticed it. Anybody? Bueller?",houston,0
296,2011-03-11T15:27:19.000Z,"One more thing! Its 
@ketsymustache
's birthday today! Please do me a favor and go follow her! She's amazing! <3 BFF xD",houston,0
318,2011-03-10T23:55:10.000Z,"Well, I'm on my way home and hate Crystal Reports 12. I don't want to Juno through hoops, I just want a report.",houston,0
319,2011-03-11T21:05:40.000Z,"RT 
@joshlaw81
: It's hard to be skeptical that the world is falling apart WHEN THE WORLD IS FUCKING FALLING APART!! ~ Yep!",houston,0
320,2011-03-10T16:06:49.000Z,"“
@KidsWantAnswers
: Media Making Rule: When your media shakes up Christians, it might just start to interest non-Christians.” // That's good",houston,0
0,2011-03-11T18:52:31.000Z,"girl, I wan't you to know: I can't get you out of my head. #lasers",omaha,0
1,2011-03-10T06:08:28.000Z,The baby woke cryn let him cry #typesex,omaha,0
2,2011-03-11T15:11:44.000Z,I wonder how many people actually #prayforjapan and how many just do it because it's hip right now...,omaha,0
3,2011-03-11T12:47:11.000Z,My thought goes out to all my friends in #Hawaii and #Japan Stay safe from the #tsunami,omaha,0
4,2011-03-11T17:37:42.000Z,this jar stink so good like indo & it's in my pocket bouta burn a hole in it,omaha,0
5,2011-03-11T18:45:46.000Z,"Clicked on an MSN headline that said Man to Live on Beer for Lent. He's from Corning, IA. #hometown",omaha,0
6,2011-03-10T03:09:22.000Z,"Surprisingly deep American #Idol
 talent pool for this season.",omaha,0
7,2011-03-11T19:35:52.000Z,It's finally starting to sink in that my birthday is on Monday... Current plans? Fast food and Pokemon with Lydia! I'm super cool.,omaha,0
8,2011-03-11T16:01:25.000Z,"Hola! My son, Asaf(He's 4), learned @ u in a NatGeo book. Can u send him a greeting? He loves the ocean! - Tnx!",omaha,0
9,2011-03-10T16:16:24.000Z,Home listening to Marsha Ambrosius and thinking. Damn life is something else,omaha,0
10,2011-03-11T18:09:55.000Z,#PRAYFORJAPAN SO DEVISTATING TO HEAR AND IM HAPPY MY COUSIN ISNT IN JAPAN ANYMORE SENDING ALL MY PRAYERS TO JAPAN,omaha,0
11,2011-03-11T19:31:29.000Z,"look at yourself, look at what you've become, look at what you were, look at what you will be; then let go",omaha,0
12,2011-03-11T18:36:06.000Z,No workout at lunch today. I'm treating myself to a hearty meal. Where should I go?,omaha,0
13,2011-03-11T19:13:12.000Z,Check out our Valpak coupon - $1500 Off James Hardie ColorPlus siding with complete Re-side.  Guaranteed you don't have to paint for 15 yrs!,omaha,0
14,2011-03-11T23:02:22.000Z,temperature down 63°F -> 54°F — humidity up 39% -> 51% — wind 20mph NW -> 12mph N — pressure 29.9in rising,omaha,0
15,2011-03-11T20:14:05.000Z,"I like my women like I like my cars, with a spare tire and full of gas... wait that's not right.",omaha,0
16,2011-03-10T00:21:13.000Z,"Very impressed with Ramsey Auto Body in Omaha.  He got my car fixed up in 2 days, under the estimated cost, and is pleasant to work with :)",omaha,0
17,2011-03-11T00:05:17.000Z,Pray for John Hearn and his family as they mourn the loss of his mother. Lord grant peace and show Yourself as real and powerful,omaha,0
18,2011-03-11T21:07:24.000Z,Excited to meet and hear Blake Mallen from Visalus! He's here in Omaha & we're doing dinner/training tonight and party/meeting tomorrow!,omaha,0
38,2011-03-11T15:02:15.000Z,So sad about the earthquake and tsunami!  Prayers going out to everyone in the wake of this disaster & their family & friends,omaha,0
69,2011-03-11T12:59:00.000Z,Good Morning world today is going to be a great and beautiful day,omaha,0
70,2011-03-11T02:08:56.000Z,I enjoy giving my cat catnip and then having her chase a laser dot way more than I should.,omaha,0
71,2011-03-11T23:20:16.000Z,Pokemon is a slave trade and pikachu is the slave master!,omaha,0
72,2011-03-11T01:16:57.000Z,"Disregard that tweet, my boyfriend is employed again.",omaha,0
73,2011-03-11T21:40:44.000Z,temperature down 67°F -> 63°F — humidity up 33% -> 39% — wind 6mph W -> 20mph NW — pressure 29.84in rising,omaha,0
74,2011-03-11T03:51:07.000Z,Living the life of a rock star Vatican assasin,omaha,0
75,2011-03-11T22:02:47.000Z,I just witnessed this lady double back to look at some shoes,omaha,0
76,2011-03-11T20:32:06.000Z,I love when it warm out like this it make me a happier person :),omaha,0
77,2011-03-11T14:29:41.000Z,"Its always good to be next to the person at the conference that has the most swag. I now have a purse hangar, mini lint roller, and a visor",omaha,0
78,2011-03-10T02:30:17.000Z,"Just watched the season finale of Greek. Definitely glad I decided to become part of the greek community, such a great part of college!",omaha,0
79,2011-03-10T23:53:41.000Z,Too. Many. Apps. Why can't they alphabetize themselves.,omaha,0
80,2011-03-11T03:51:22.000Z,Wow. Applebee's is playing Achy Breaky Heart. I don't think I've heard that song since the 90s. #fb,omaha,0
81,2011-03-10T06:36:09.000Z,"""
@Sexstrology
: My #typeofsex is with a #Sagittarius because they are always down for it anytime, anywhere.""not soooo true",omaha,0
104,2011-03-11T22:06:00.000Z,"I got it. I like my women like I like my cars, with hail damage and a stick shift. Dammit that's not right either.",omaha,0
105,2011-03-11T22:37:48.000Z,Holy crap. Over 300 people in line at Apple and another 200 at Best Buy. Who knew iPad2 would hit like this?!,omaha,0
106,2011-03-11T20:07:29.000Z,partly sunny -> mostly cloudy — temperature up 61°F -> 67°F — humidity down 41% -> 33% — wind 10mph SW -> 6mph W — pressure 29.77in falling,omaha,0
107,2011-03-10T23:45:30.000Z,"Note to self, when you reply to a forwarded SMS or MMS on the iPhone, the reply behavior is to reply to all recipients. Ugh! #fb",omaha,0
129,2011-03-10T00:11:02.000Z,Your Safety is Our #1 Priority! We take this commitment seriously. We strictly adhere to guidelines set by #AGRSS when replacing your glass!,omaha,0
130,2011-03-10T12:29:27.000Z,is starting to lose hair in the radiation treatment area.  Head will be shaved this weekend.,omaha,0
131,2011-03-10T20:45:07.000Z,Re:bullying conference-maybe Obama can get the Reps to stop bullying the Dems .#can'twealljustgetalong,omaha,0
167,2011-03-10T01:00:59.000Z,So Intl Women's Day was yesterday.  A day when women all over NOLA were showing off their boobs for some plastic beads. #irony,omaha,0
168,2011-03-10T00:58:04.000Z,"Saw an article titled ""53 favorite female comedians.""  There are 53 female comedians? Would have thought 3 was a high number for favorites.",omaha,0
169,2011-03-10T20:15:29.000Z,"Skipping class with 
@brettmccaw
 because ""its too nice out"".  #classicbrett",omaha,0
170,2011-03-10T17:16:47.000Z,"Living life is the best theory, a proven fact.",omaha,0
171,2011-03-10T18:24:05.000Z,Pia is gonna win American Idol. I'm calling it now.,omaha,0
172,2011-03-11T02:18:10.000Z,Autistic License is sold out tonight.  I'm relegated to the lobby.,omaha,0
173,2011-03-11T03:33:22.000Z,"Just watched how a 
@dodocase
 is made for an ipad and I WANT one.",omaha,0
174,2011-03-10T18:02:04.000Z,Can't believe he would do that knowing my feelings towards the other person! Im so pissed off its unreal!,omaha,0
175,2011-03-10T23:38:59.000Z,"Frantically ordered shoes for 
@MsBetty01
 well past their 1PM deadline but the shoes still arrived overnight. 
@Zappos
, you are awesome!",omaha,0
176,2011-03-11T03:34:11.000Z,"Help us all if I am to guide our youth 

#superamb",omaha,0
177,2011-03-10T14:51:22.000Z,"Manager Charlie Manuel has signed a 2-year extension with the #Phillies, Ruben Amaro Jr. has announced. He's signed through the 2013 season.",omaha,0
200,2011-03-10T14:51:47.000Z,"During Manuel's tenure as manager (2005-10), the #Phillies have had the best record among all National League teams at 544-428.",omaha,0
201,2011-03-11T03:32:25.000Z,"Question: if pitchers can smoke in the bullpen, what's stopping them from smoking on the mound? 

#awesome #winning",omaha,0
202,2011-03-11T00:11:05.000Z,My coworker had a dry socket after his wisdom teeth were removed. I simultaneously do & *really* don't want to know what that means. #pain,omaha,0
223,2011-03-11T10:40:24.000Z,"Jay Bilas' twitter feed should be subtitled ""Bleep Bill Raftery Says.""  The CW is floating pilot proposals as we tweet.",omaha,0
224,2011-03-11T03:41:13.000Z,"At 
@icononemusic
 with 
@taggiz
  & 
@dmajishin
 droppin heat for #VSOP Vol. 1 Pleasures of Complex",omaha,0
225,2011-03-11T22:44:32.000Z,Pawning some jewelery pawn stars style. Let's see what we get,omaha,0
226,2011-03-10T16:32:45.000Z,"#appletv 4.2 & 
@Netflix
 bug: start watching movie, pause, wait 5 min, unpause. Audio is now out of sync. #bummer cc:
@netflixhelps",omaha,0
227,2011-03-11T04:01:34.000Z,Alright Shore's over. I've lost my quota of brain cells. Peace out ya little freaks.,omaha,0
249,2011-03-10T17:04:34.000Z,"Vastly underestimated iPad use #16: being sick, but still able to easily surf the web (et al) from bed...",omaha,0
281,2011-03-10T02:52:33.000Z,"This is going to sound weird - I'm excited to not be in Austin for sxsw. Unsure why exactly, but ""noisy"" comes to mind.",omaha,0
282,2011-03-10T02:53:08.000Z,"In other news, if someone wants to take a random road trip to Austin two weeks after SXSW, I'm down.",omaha,0
283,2011-03-11T13:39:27.000Z,"Huzzah! Goodbye, experts exchange!",omaha,0
284,2011-03-11T23:48:39.000Z,"Greatest wife ever. 
@Mrsskarin
  just got me a new iPad. Anyone wanna buy my old 64g 3G?  :-)",omaha,0
285,2011-03-11T14:53:58.000Z,"Gourmet Grill 4EVER RT 
@jeffsheldon82
: @JackM1400 If you don't put Ali Baba's on there, I promise you a pain you can scarcely imagine.",omaha,0
286,2011-03-10T20:37:26.000Z,"Go Bergan! RT 
@VinceKuppig
: Justin Bieber is cheering for Archbishop Bergan, so says a Bieber cardboard cutout with a Bergan sign...",omaha,0
287,2011-03-11T02:33:02.000Z,I'm bored! Someone be my fwiend.,omaha,0
288,2011-03-10T03:06:43.000Z,Parker's Bourbon - the one Bourbon to rule them all. If you are a Bourbon drinker and haven't had one - a plague on your house until you do.,omaha,0
289,2011-03-11T21:42:52.000Z,Uh oh. @LukeyDookie52 is up in the Twitter heezee.,omaha,0
290,2011-03-11T16:22:56.000Z,Surgery's done. Hoping my mother returns from the store before the pain meds wear off. There seems to be a lot of blood. :D,omaha,0
291,2011-03-10T18:57:36.000Z,"I went to the public library, the post office and my state college today. Socialism is ruining my life!",omaha,0
